Target_Default,Risc_Tinar_Scor_Mic,Istoric_Bancar_Encoded,Varsta_Normalized,Venit_Anual_Normalized,Scor_Credit_Normalized,Raport_Venit_Varsta_Normalized,Scor_Ponderat_Venit_Normalized
1,0,2,0.45714285714285713,0.06818555852705205,0.3679417122040073,0.02613541642033458,0.04326731410900495
1,0,2,0.6135338345864662,0.5027772063361449,0.4644808743169399,0.12556891536697576,0.3448338557633937
0,0,2,0.3368421052631579,0.5027772063361449,0.4262295081967213,0.19668258557757398,0.3301884066685745
0,0,2,0.16842105263157894,0.631259000205719,0.6265938069216758,0.3585447541961054,0.5072576900515561
0,0,1,0.5052631578947369,0.5689055749845711,0.970856102003643,0.16571337218313456,0.6055221684918659
0,0,2,0.08421052631578947,0.0,0.8469945355191257,0.03265051310627252,0.024791529072902267
0,0,2,0.24060150375939848,0.38778029212096277,0.9836065573770492,0.1899473489430638,0.4264341210412606
1,0,1,0.45714285714285713,0.27559144209010494,0.3861566484517304,0.08934653791274774,0.1737664342158547
0,0,2,0.21654135338345865,0.48060069944455874,0.8415300546448088,0.2454303861397517,0.4687005800832512
0,0,2,0.2646616541353383,0.6899814852910924,0.7923497267759563,0.30855972287094896,0.6372503070830838
0,0,1,0.12030075187969924,0.29071178769800454,0.5136612021857924,0.2045679607680168,0.213969679178956
0,0,2,0.12030075187969924,0.5971816498662826,0.8415300546448088,0.39137369027272323,0.576444862399582
0,0,1,0.27669172932330827,0.3844065007200165,0.7395264116575592,0.17342544034936583,0.3487830078448095
1,0,2,0.6255639097744361,0.330384694507303,0.15846994535519127,0.08150502336696704,0.14675302835194629
1,0,1,0.42105263157894735,0.4714770623328533,0.07832422586520947,0.15842615831889167,0.18396332668225768
0,0,2,0.4691729323308271,0.28052869779880685,0.8378870673952641,0.088965131125987,0.2829380571689772
0,0,1,0.27669172932330827,0.3796029623534252,0.5045537340619308,0.17142586461517936,0.27397668289389415
0,0,2,0.02406015037593985,0.24706850442295825,0.7650273224043715,0.2558152395673311,0.2366047526955071
0,0,2,0.25263157894736843,0.8976753754371528,0.6411657559198543,0.4077893740702839,0.7247620371204377
0,0,2,0.6255639097744361,0.5007508743056984,0.936247723132969,0.12304304381048378,0.5234605238239836
1,1,2,0.012030075187969926,0.3495474182267023,0.03278688524590164,0.36220968293552264,0.12045024879780375
1,0,1,0.27669172932330827,0.5375128574367414,0.04007285974499089,0.23715924078483874,0.19590483530790528
0,0,2,0.5172932330827068,0.47038675169718164,0.7504553734061931,0.13515918883727823,0.4263549768168803
1,0,2,0.34887218045112783,0.4480353836659124,0.052823315118397086,0.17226499587799735,0.16537719633331696
0,0,2,0.44511278195488724,0.6198415963793458,0.19489981785063754,0.19809865569540147,0.2994054078060857
0,0,2,0.012030075187969926,0.6493314132894467,0.6666666666666666,0.6314966237320369,0.5406271106893856
0,0,0,0.24060150375939848,0.3843550709730508,0.5100182149362478,0.18840896240531738,0.27896362983557615
0,0,2,0.3849624060150376,0.37503600082287597,0.23132969034608378,0.13601179411643763,0.1894101559605307
1,0,2,0.13233082706766916,0.4369059864225468,0.41530054644808745,0.2829779175080825,0.2838206200645579
1,0,1,0.25263157894736843,0.019944455873277103,0.20036429872495445,0.023677934925785342,0.0036104686949910794
1,0,2,0.5172932330827068,0.1817938695741617,0.2459016393442623,0.0544140787401504,0.09179627198766031
0,0,1,0.2887218045112782,0.7746862785435096,0.6575591985428051,0.32749380071585293,0.636748632005056
1,0,1,0.5774436090225564,0.831896729068093,0.33697632058287796,0.21714175033444905,0.4896164499224402
1,0,1,0.31278195488721805,0.442264966056367,0.2331511839708561,0.18290785509855473,0.2248515359643382
0,0,2,0.4932330827067669,0.6121065624357128,0.47358834244080145,0.18130131435773475,0.42257771141949857
0,0,2,0.324812030075188,0.5575293149557704,0.936247723132969,0.22218930263306338,0.5795161922545949
1,0,0,0.18045112781954886,1.0,0.4907318118504232,0.5378825340662633,0.6982758332969955
1,1,2,0.16842105263157894,0.7238119728450936,0.18761384335154827,0.4079076744788014,0.3468668917403321
0,0,0,0.5533834586466165,0.4671775354865254,0.8779599271402551,0.12718692405362916,0.46937936905685396
0,0,2,0.6015037593984962,0.2969245011314544,0.40619307832422585,0.07599410405816664,0.19193900355625043
0,0,1,0.5172932330827068,0.5027772063361449,0.8925318761384335,0.14422168132385396,0.5087234051577981
0,0,2,0.649624060150376,0.5353528080641843,0.8597449908925319,0.12736460911033815,0.5266716784688538
1,0,2,0.6135338345864662,0.3378934375642872,0.01639344262295082,0.08478496726222497,0.11147863218220738
0,0,2,0.6736842105263158,0.20090516354659535,0.7358834244080146,0.0463361375902931,0.19099173052639143
0,0,1,0.02406015037593985,0.36048138243159844,0.5482695810564663,0.3525968459753342,0.2731905926160834
1,0,2,0.4330827067669173,0.2710039086607694,0.41894353369763204,0.09182272133474055,0.17841091771121492
1,0,2,0.6015037593984962,0.8405677844065007,0.11839708561020036,0.21244159830924655,0.3618655830661301
1,1,0,0.07218045112781955,0.6748611396831927,0.20218579234972678,0.514619284951378,0.3301894546059718
1,0,2,0.24060150375939848,0.49185352808064187,0.02185792349726776,0.23669027683771354,0.17123142375020364
0,0,2,0.0962406015037594,0.7979428101213742,0.7140255009107468,0.5545460244919039,0.6881107759652064
0,0,2,0.45714285714285713,1.0,0.9089253187613844,0.3101246401417788,0.9968473801440315
0,0,2,0.20451127819548873,0.31631351573750255,0.424408014571949,0.17280691144682395,0.20895045826052872
0,0,1,0.03609022556390978,0.8068298703970377,0.5701275045537341,0.6977697790037856,0.6113417515974184
1,0,2,0.2887218045112782,0.6043612425426866,0.020036429872495445,0.25828048584493646,0.21298521684694105
1,0,0,0.15639097744360902,0.28011725982308167,0.3788706739526412,0.17732611164239342,0.17486751700964576
1,0,0,0.5894736842105263,0.45434067064390043,0.023679417122040074,0.11747611113960342,0.15767471923386797
0,0,2,0.0962406015037594,0.31336144826167456,0.7595628415300546,0.23645324661810696,0.29309280758147777
0,0,1,0.3007518796992481,0.20903106356716725,0.7941712204007286,0.09497607292393814,0.20884618848950556
0,0,1,0.6255639097744361,0.6840259205924707,0.6848816029143898,0.16772845395735217,0.5778244969339099
1,1,1,0.012030075187969926,0.8862991154083522,0.03460837887067395,0.8443575790269451,0.328632768553295
1,0,2,0.22857142857142856,0.2057807035589385,0.12568306010928962,0.11157965878670108,0.08219731513448655
0,0,0,0.324812030075188,0.5027772063361449,0.3825136612021858,0.20142349692494718,0.3134507505602098
0,0,1,0.5533834586466165,0.359648220530755,0.18214936247723132,0.09851166462735082,0.16729816538597908
1,1,2,0.07218045112781955,0.3932832750462868,0.23861566484517305,0.3143807219019884,0.20111868564697538
1,0,2,0.5172932330827068,0.37163135157375027,0.692167577413479,0.10752851549221197,0.323847038067324
1,1,2,0.08421052631578947,0.3157580744702736,0.23861566484517305,0.24821385455469458,0.1605928630972089
1,0,2,0.5533834586466165,0.5034766508948776,0.03460837887067395,0.13686694993035925,0.18051752138852706
0,0,1,0.40902255639097745,0.32254680106973876,0.9744990892531876,0.11291217220328106,0.3575798933748649
0,0,2,0.15639097744360902,0.5491359802509772,0.4116575591985428,0.32543504676903906,0.3541845013552077
1,1,2,0.1924812030075188,0.48316190084344784,0.2786885245901639,0.2621330324633113,0.26292164197817647
0,0,1,0.42105263157894735,0.44434272783377904,0.8524590163934426,0.14968832500879745,0.4389500864922617
0,0,2,0.5894736842105263,0.30678872659946516,0.7358834244080146,0.07988972390501263,0.2814009825161626
1,0,2,0.4691729323308271,0.3748405677844065,0.366120218579235,0.11720430262668169,0.22943416620237225
1,1,2,0.03609022556390978,0.6488891174655421,0.06739526411657559,0.5694081086320334,0.25252116272147346
1,1,2,0.012030075187969926,0.5965439210039086,0.3406193078324226,0.584079208046063,0.3527951359736199
1,1,2,0.06015037593984962,0.29238839744908457,0.10200364298724955,0.2539047800145016,0.11520928931630321
1,0,2,0.637593984962406,0.5139271754782967,0.03460837887067395,0.12424276426696028,0.18456086308124037
0,0,2,0.4932330827067669,0.6480662415140918,0.49544626593806923,0.19170349152302904,0.45748505504041664
1,1,1,0.03609022556390978,0.15006171569635876,0.21493624772313297,0.1640009079580839,0.07047122002119328
0,0,2,0.637593984962406,0.6052766920386752,0.5143198972973337,0.1462015517298706,0.4363138385713648
0,0,2,0.3368421052631579,0.35717959267640403,0.4007285974499089,0.14266229997968743,0.22859801196295393
0,0,1,0.20451127819548873,0.6108722485085374,0.9562841530054644,0.31644324441077837,0.6412936612512423
0,0,1,0.3007518796992481,0.3364739765480354,0.936247723132969,0.14555943417135578,0.36127482083389373
0,0,0,0.5172932330827068,0.12219707879037235,0.6102003642987249,0.03773955302810854,0.10751545770038123
1,0,2,0.3969924812030075,0.15868134128780087,0.09836065573770492,0.06061526608768848,0.056917247627357455
0,0,2,0.10827067669172932,0.5033840773503394,0.9089253187613844,0.347195057703588,0.5155881311608428
0,0,2,0.42105263157894735,0.5469245011314544,0.9744990892531876,0.18272183964168967,0.5848162603954766
0,1,1,0.15639097744360902,0.3074573133100185,0.29326047358834245,0.1923782470544384,0.17006887443788768
1,0,0,0.3609022556390977,0.6248611396831928,0.2877959927140255,0.23120217141007485,0.34500237407722256
1,0,2,0.5654135338345865,0.15168689570047314,0.3406193078324226,0.042135161849344835,0.09003402802434109
0,0,2,0.16842105263157894,0.5027772063361449,0.5143198972973337,0.2900192777289841,0.36391591604068835
0,0,2,0.08421052631578947,0.24436329973256532,0.5792349726775956,0.19947370363302225,0.1950762661391716
1,0,0,0.15639097744360902,0.3594013577453199,0.3825136612021858,0.22097617174624695,0.22476418289701297
0,0,2,0.2646616541353383,0.5032400740588356,0.7377049180327869,0.22888123274137817,0.449839989939801
1,0,1,0.6736842105263158,0.3164883768771858,0.19672131147540983,0.07299388785151179,0.1501310545518783
1,0,2,0.4691729323308271,0.4143797572515943,0.1366120218579235,0.12904325728353308,0.17909619391632423
1,0,1,0.24060150375939848,0.5027772063361449,0.9854280510018215,0.24159648255268865,0.5442909243880731
1,0,1,0.18045112781954886,0.37481999588562026,0.5701275045537341,0.2145483741754034,0.2901489393501241
1,0,2,0.5293233082706766,0.6654083521909072,0.21129326047358835,0.1863953346906967,0.3299506246829678
0,0,1,0.20451127819548873,0.5027772063361449,0.03278688524590164,0.2637326174904237,0.1795495016932922
0,0,1,1.0,0.6024891997531372,0.785063752276867,0.097215333793593,0.5559815892369844
0,0,2,0.6255639097744361,0.7900534869368443,0.6357012750455373,0.1935796834889449,0.6365186097463668
1,0,1,0.27669172932330827,0.0,0.331511839708561,0.013408000653397128,0.0
1,0,1,0.3007518796992481,0.3295618185558527,0.2040072859744991,0.1428159298325128,0.1585496845833189
0,0,2,0.2887218045112782,0.5027772063361449,0.331511839708561,0.21700077706631632,0.293923485100451
0,0,2,0.5293233082706766,0.4517280394980457,0.8743169398907104,0.12757421711172337,0.4534551868285248
1,0,2,0.48120300751879697,0.5698415963793458,0.2641165755919854,0.17227748927993514,0.3043158553177708
0,0,1,0.3368421052631579,0.36924501131454435,0.2040072859744991,0.14713886621114777,0.17837935483484632
0,0,2,0.16842105263157894,0.5113042583830487,0.8652094717668488,0.2945671618048182,0.5062775317481367
0,0,1,0.5293233082706766,0.46146883357333884,0.5500910746812386,0.13025562648629194,0.3474507301004798
1,1,1,0.0,0.73372762806007,0.21311475409836064,0.7475275162662016,0.3653986915254051
1,0,2,0.2887218045112782,0.5458341904957827,0.29143897996357016,0.2344974215526776,0.30260285193667563
0,0,1,0.07218045112781955,0.5629500102859494,0.7285974499089253,0.43503588528097215,0.49704414286580434
1,1,1,0.0962406015037594,0.4087636288829459,0.3588342440801457,0.2990779099616884,0.24771381228896228
0,0,2,0.27669172932330827,0.3931804155523555,0.47176684881602915,0.17707777033065292,0.27331790453440014
1,1,2,0.0,0.4045052458341905,0.08378870673952642,0.4353674827795988,0.15783688754608743
0,0,0,0.5172932330827068,0.574645134745937,0.7249544626593807,0.16432953619959378,0.5054042131574529
1,1,1,0.08421052631578947,0.40689158609339643,0.14025500910746813,0.3104293475911471,0.17685260985066145
0,0,1,0.27669172932330827,0.5531063567167249,0.22404371584699453,0.24365036886412508,0.2785976626504882
0,1,2,0.12030075187969924,0.9204484673935405,0.13479052823315119,0.588417840864229,0.40806417768227693
1,0,2,0.6015037593984962,0.6727010903106356,0.24772313296903462,0.1703092102484435,0.3517001162461984
0,0,1,0.1924812030075188,0.4264246039909484,0.726775956284153,0.23365236425946456,0.3805287368137663
0,0,1,0.08421052631578947,0.7406089282040732,0.9180327868852459,0.5382532139652628,0.7504066620873467
0,0,0,0.40902255639097745,0.4095453610368237,0.9089253187613844,0.14146631789384775,0.42465115536345593
1,0,2,0.40902255639097745,0.07421312487142563,0.2495446265938069,0.03140558206289898,0.03539240140593277
1,0,0,0.3849624060150376,0.5027772063361449,0.08925318761384335,0.17961530472703038,0.2011689741665966
0,0,2,0.0481203007518797,0.10864019749022835,0.46083788706739526,0.12365519457857498,0.0790861886092698
0,0,2,0.4932330827067669,0.4211787698004526,0.7741347905282332,0.1260709904040182,0.3916406657596187
0,0,2,0.45714285714285713,0.49728450936021396,0.994535519125683,0.15691196647483766,0.5421419790497354
0,0,2,0.48120300751879697,0.8383665912363711,0.5482695810564663,0.25129387740603604,0.6215357123341982
0,0,0,0.324812030075188,0.5607488171158198,0.6338797814207651,0.22341036165741812,0.45525419592886307
1,1,1,0.07218045112781955,0.44841596379345816,0.08743169398907104,0.3535872496807912,0.17752698251666163
0,0,1,0.0962406015037594,0.5027772063361449,0.48477468915815325,0.36079105529433897,0.35260382746224966
1,0,1,0.08421052631578947,0.03862373997119934,0.47358834244080145,0.05901836596765843,0.03306636712291034
0,0,2,0.13233082706766916,0.5419666735239662,0.6466302367941712,0.34480840768811727,0.44570718682952276
1,0,2,0.3969924812030075,0.6520777617774121,0.47176684881602915,0.22573016727237813,0.44884779283175885
0,0,2,0.3849624060150376,0.1893231845299321,0.5355191256830601,0.07262010524662102,0.14620757693669434
0,0,2,0.5654135338345865,0.728790372351368,0.5683060109289617,0.19366591598648694,0.5523490390039805
1,0,1,0.649624060150376,0.5631248714256326,0.3296903460837887,0.13394779474483862,0.3284321259680633
0,0,1,0.2646616541353383,0.4080641843242131,0.6612021857923497,0.1882717549573562,0.3439919129174004
0,0,2,0.27669172932330827,0.6236679695535898,0.5143198972973337,0.2730231515975711,0.44930405286989467
1,0,2,0.4330827067669173,0.9606150997737091,0.5143198972973337,0.30977980660854304,0.6872981468247263
0,0,0,0.40902255639097745,0.5309092779263526,0.9963570127504554,0.18129965497152528,0.5773752686275239
0,0,2,0.5172932330827068,0.5445587327710347,0.7413479052823315,0.15591169227351123,0.48666641882115524
0,0,1,0.4691729323308271,0.39899197695947336,0.7522768670309654,0.12443579730261485,0.36527295151318423
0,0,2,0.25263157894736843,0.3186689981485291,0.6211293260473588,0.15440537232555485,0.2616764428413774
0,0,2,0.31278195488721805,0.6643077556058424,0.3989071038251366,0.2690358722451983,0.42140694078879254
1,0,2,0.40902255639097745,0.317383254474388,0.29508196721311475,0.11121742390147632,0.17609130828247307
0,0,1,0.0,0.5082184735651101,0.3989071038251366,0.533705646857626,0.32315251755731783
1,0,0,0.40902255639097745,0.3952273194815881,0.4899817850637523,0.13676693614860433,0.2803752763622999
1,0,1,0.4330827067669173,0.5027772063361449,0.726775956284153,0.1650765099284192,0.445259792413582
1,0,2,0.5533834586466165,0.5621374202838922,0.3296903460837887,0.152510244794341,0.32785605981027843
1,0,2,0.15639097744360902,0.7069327298909689,0.5143198972973337,0.4123104453229072,0.508116013018999
0,0,1,0.02406015037593985,0.3885723102242337,0.4134790528233151,0.37656841926576184,0.2523092548092218
0,0,1,0.0,0.4379757251594322,0.453551912568306,0.4671033139716944,0.2975006194058544
0,0,0,0.0481203007518797,0.29214153466364945,0.8014571948998178,0.26601159666280355,0.2848038847538333
0,0,2,0.3007518796992481,0.4020983336761983,0.9690346083788707,0.17160639500739486,0.4364190681690762
0,0,0,0.649624060150376,0.5711170541040939,0.3551912568306011,0.13584228927743375,0.34401871017370067
0,0,1,0.15639097744360902,0.6492182678461222,0.48477468915815325,0.38053560266038494,0.45315783391405084
1,0,2,0.45714285714285713,0.30378522937667146,0.12568306010928962,0.09793916259092196,0.1260588846003853
0,0,2,0.31278195488721805,0.6723925118288419,0.7249544626593807,0.27217186249290576,0.5881550138939033
0,0,0,0.0962406015037594,0.7723719399300556,0.3679417122040073,0.5377605891202442,0.4720162041062678
1,0,2,0.16842105263157894,0.5785435095659329,0.5143198972973337,0.33042906554875956,0.4174315304271372
0,0,2,0.16842105263157894,0.8795823904546389,0.8579234972677595,0.49098747718619745,0.8478297715521426
1,0,2,0.3007518796992481,0.3343139271754783,0.36065573770491804,0.14470208906546733,0.2033291474056189
0,0,0,0.4932330827067669,0.2374408557909895,0.7741347905282332,0.07292050679313364,0.23007522942967507
0,0,1,0.1443609022556391,0.1275766303229788,0.8943533697632058,0.09701124690148759,0.1494629570348162
1,0,1,0.6015037593984962,0.8012548858259617,0.2568306010928962,0.20257456478177172,0.4249774880591276
0,0,2,0.37293233082706767,0.6281114996914215,0.5683060109289617,0.22727592068522648,0.47761792851220586
1,0,1,0.45714285714285713,0.48206130425838306,0.2987249544626594,0.1522723880276659,0.26971198937690893
0,0,1,0.5774436090225564,0.5510903106356717,0.5701275045537341,0.14452721788117104,0.4212032541949309
1,0,0,0.6135338345864662,0.261962559144209,0.03642987249544627,0.06600348847811578,0.08748026696454704
1,0,2,0.37293233082706767,0.9966364945484468,0.14754098360655737,0.3556363968282921,0.45169858176643823
0,1,2,0.03609022556390978,0.5200781732153877,0.23679417122040072,0.4647208277420657,0.2666815540312779
0,0,1,0.34887218045112783,0.5159946513063156,0.5537340619307832,0.19694307104800846,0.3886892623593612
0,0,2,0.4330827067669173,0.6427998354248097,0.6739526411657559,0.20933177217160687,0.538820042451445
0,0,1,0.2646616541353383,0.5924501131454433,0.697632058287796,0.26694521208005995,0.5083850710838392
1,0,2,0.45714285714285713,0.5395494754165809,0.5143198972973337,0.16979306636634361,0.3898890794172231
0,0,2,0.5293233082706766,0.3308784200781732,0.7723132969034608,0.09430718570538095,0.311748351307539
1,1,2,0.16842105263157894,0.5904854968113556,0.29143897996357016,0.33679829765013874,0.3275145694486826
1,0,1,0.5052631578947369,0.8806624151409175,0.3224043715846995,0.254393271470279,0.5090564995447711
0,0,2,0.3368421052631579,0.7702736062538572,0.8907103825136612,0.29593031056935337,0.7640063445124136
0,0,1,0.42105263157894735,0.8212404854968114,0.5938069216757741,0.27105742589904475,0.636143335879156
1,0,2,0.1443609022556391,0.3883254474387986,0.5245901639344263,0.2453523631988984,0.28622533698048813
0,0,2,0.37293233082706767,0.28990948364534047,0.6429872495446266,0.1094772030458383,0.24458817682097217
1,0,1,0.07218045112781955,0.46761983131042995,0.48477468915815325,0.3672437025470272,0.3284629555052182
1,0,2,0.6015037593984962,0.5049578276074882,0.07650273224043716,0.12820780188474398,0.1971916774807984
0,0,2,0.25263157894736843,0.7185867105533841,0.5143198972973337,0.3294168304242753,0.5163475078737162
1,0,1,0.324812030075188,0.1453198930261263,0.3205828779599271,0.06585083489818533,0.08337085531402816
0,0,2,0.012030075187969926,0.8081567578687513,0.9617486338797814,0.7741646509352959,0.841902225943786
1,0,2,0.4932330827067669,0.5027772063361449,0.8979963570127505,0.1496752442519243,0.5108156121713437
1,0,2,0.5293233082706766,0.4056778440650072,0.3588342440801457,0.11489769148348308,0.2458537234089004
0,0,2,0.6736842105263158,0.2852808064184324,0.9398907103825137,0.06579627155779126,0.3116005422327504
0,0,1,0.6255639097744361,0.1530549269697593,0.9344262295081968,0.03826916799980962,0.17991740257238692
1,1,1,0.06015037593984962,0.6628368648426249,0.03825136612021858,0.528795714074252,0.24395756801675103
1,0,1,0.324812030075188,0.5085784817938696,0.20218579234972678,0.20362374385701135,0.24729977721349955
1,0,2,0.324812030075188,0.22812178564081464,0.10200364298724955,0.09725506859165428,0.08746030625221908
1,0,2,0.5172932330827068,0.22707261880271548,0.11839708561020036,0.06708257411198476,0.09027439242710536
1,0,1,0.5172932330827068,0.4244188438592882,0.1766848816029144,0.1222978744763678,0.19691422357943975
1,0,2,0.22857142857142856,0.836844270726188,0.2604735883424408,0.402672707469853,0.4462184305740228
0,0,2,0.34887218045112783,0.4400946307344168,0.5143198972973337,0.16938146719156646,0.31964166216191847
1,1,2,0.12030075187969924,0.18427278337790579,0.15482695810564662,0.13968909891486356,0.07754912643190043
0,0,2,0.649624060150376,0.44294383871631354,0.6247723132969034,0.10545966846576321,0.35954296705509387
0,0,2,0.324812030075188,0.43738942604402387,0.5336976320582878,0.17662390517471338,0.32430644633699723
0,0,2,0.2887218045112782,0.0,0.4408014571948998,0.012692133374644324,0.005256154573760198
1,0,1,0.45714285714285713,0.4823287389426044,0.056466302367941715,0.1523538941355216,0.18040653982798355
0,0,2,0.3849624060150376,0.4459884797366797,0.7103825136612022,0.1602308951867226,0.3914580876190438
0,0,2,0.0,0.6367208393334705,0.5027322404371585,0.6555482218677215,0.45305352739470534
0,0,2,0.6736842105263158,0.8738634025920593,0.9672131147540983,0.20154511781991247,0.91133058607396
1,0,2,0.31278195488721805,0.7252520057601317,0.5143198972973337,0.29267549338726817,0.5210553707738546
1,0,1,0.6736842105263158,0.4381814441472948,0.6958105646630237,0.10106079568638573,0.3799721198750559
1,0,1,0.6135338345864662,0.2658609339642049,0.122040072859745,0.06696775025800976,0.1082658931557961
1,0,2,0.1443609022556391,1.0,0.3879781420765027,0.5933366299783116,0.6249142874537192
0,0,2,0.48120300751879697,0.5056778440650072,0.6830601092896175,0.15339661020498618,0.43089683729998435
1,0,2,0.02406015037593985,0.49635877391483235,0.3861566484517304,0.4685486889510026,0.3108598001982598
1,0,2,0.45714285714285713,0.48853116642666117,0.14207650273224043,0.1542442088677139,0.21486237213604328
0,0,2,0.06015037593984962,0.5342419255297264,0.692167577413479,0.4333719612597303,0.4579595710742332
1,1,2,0.08421052631578947,0.46379345813618594,0.10382513661202186,0.34927540938320756,0.18986854124369712
1,0,2,0.31278195488721805,0.3754782966467805,0.04553734061930783,0.1570020221744265,0.13425258235478021
0,0,2,0.0962406015037594,0.38099156552149765,0.8123861566484517,0.2808475497430717,0.3678465859571898
1,0,1,0.4330827067669173,0.48675169718164985,0.11839708561020036,0.16001152068468993,0.20523300014745982
1,0,2,0.3849624060150376,0.38170129602962355,0.46083788706739526,0.13828694307172099,0.26223184966190294
1,0,1,0.6015037593984962,0.3468524994857025,0.07832422586520947,0.0885253915365452,0.13211802120476374
1,0,2,0.4932330827067669,0.515387780292121,0.17486338797814208,0.1533231473424995,0.24000366279071217
0,0,2,0.5172932330827068,0.44104093807858463,0.4116575591985428,0.12694855337706845,0.2852235587305286
0,0,2,0.27669172932330827,0.5027772063361449,0.7923497267759563,0.2226997819960855,0.470366276576129
0,0,2,0.16842105263157894,0.0,0.6885245901639344,0.02186418288366463,0.017170104940949976
0,0,2,0.637593984962406,0.7180415552355482,0.3224043715846995,0.17330820491711144,0.4149745513393264
0,0,1,0.37293233082706767,0.7498354248097099,0.7759562841530054,0.26967342751443935,0.6816338990781394
0,0,1,0.37293233082706767,0.0669615305492697,0.5573770491803278,0.031822482704179596,0.06007909931277762
0,0,1,0.27669172932330827,0.4229993828430364,0.48477468915815325,0.18949055417092406,0.29782424791317536
0,0,2,0.48120300751879697,0.41708496194198724,0.48633879781420764,0.1273271950923643,0.29427271023807394
1,0,2,0.6135338345864662,0.2039395186175684,0.012750455373406194,0.05165150773832169,0.060606199348133036
0,0,2,0.5774436090225564,0.3334807652746348,0.9234972677595629,0.08825494503935605,0.3548752293298715
0,0,2,0.5774436090225564,0.2650277720633614,0.8652094717668488,0.07055349033325477,0.2747853537275258
0,0,1,0.6135338345864662,0.8539703764657478,0.5391621129326047,0.21243643502639598,0.6272930304927327
1,1,1,0.13233082706766916,0.6859802509771652,0.29690346083788705,0.42956351763629314,0.3835515122360414
0,0,1,0.45714285714285713,0.7550812590002057,0.8816029143897997,0.2354807195974498,0.744450984350053
1,0,2,0.012030075187969926,0.6419563875745732,0.5143198972973337,0.6248718600830028,0.4622216149631754
0,0,2,0.02406015037593985,0.2612219707879037,0.5143198972973337,0.26789319081142804,0.1932994772338239
1,0,1,0.5774436090225564,0.3855893849002263,0.18761384335154827,0.10172986157445885,0.18154920328064286
0,0,0,0.4330827067669173,0.5941678666940958,0.3806921675774135,0.1939612528234991,0.36917311252128
1,0,2,0.5774436090225564,0.2420798189672907,0.5143198972973337,0.0646193137067616,0.17977890183697603
1,0,2,0.6616541353383458,0.6401666323801687,0.5143198972973337,0.14989677270280896,0.46095746659184195
1,0,2,0.1924812030075188,0.44405472125077144,0.48633879781420764,0.24250223106537347,0.3128196302627354
0,0,2,0.5774436090225564,0.41638551738325447,0.7012750455373407,0.1096935212874667,0.3637209936542401
0,0,1,0.012030075187969926,0.6397551944044435,0.7030965391621129,0.6228945945029563,0.5501625176246853
0,0,0,0.012030075187969926,0.5848899403414936,0.46994535519125685,0.5736107879423591,0.40249810809873465
0,0,2,0.324812030075188,0.4192347253651512,0.5136612021857924,0.16973838064440622,0.30469223949960494
1,0,1,0.637593984962406,0.7319893026126312,0.07103825136612021,0.17666099354448522,0.2884379070893714
0,0,1,0.2646616541353383,0.2710964822053076,0.8834244080145719,0.12983062168468398,0.28465380514801747
1,0,1,0.4330827067669173,0.6202016046081054,0.3989071038251366,0.20218942212765745,0.3936431867975857
0,0,2,0.37293233082706767,0.6155112116848385,0.2331511839708561,0.22288713026222615,0.314784575259745
0,0,2,0.3849624060150376,0.4298189672906809,0.9453551912568307,0.15471155235075737,0.4564761283603548
0,0,1,0.0,0.5605842419255297,0.47176684881602915,0.5833574958431695,0.3868160742618342
0,0,2,0.21654135338345865,0.23611396831927586,0.6648451730418944,0.1295224310683133,0.20646987816230708
0,0,2,0.012030075187969926,0.6835836247685662,0.9890710382513661,0.6622643544869655,0.7305500448741765
1,0,2,0.6255639097744361,0.45545155317835834,0.5143198972973337,0.11199833922597327,0.33048863640560133
1,0,2,0.5172932330827068,0.3859596790783789,0.0273224043715847,0.11153742372777882,0.1328269508539817
1,0,0,0.3007518796992481,0.7092984982513886,0.2331511839708561,0.29353719944769957,0.363470050073942
1,0,2,0.37293233082706767,0.3486011108825345,0.19672131147540983,0.12992000970187081,0.16602197724329093
0,0,1,0.06015037593984962,0.20374408557909895,0.9690346083788707,0.18812635242247247,0.23625943237223335
1,0,2,0.37293233082706767,0.17326681752725775,0.48816029143898,0.06884954313006392,0.1268983822591185
1,0,2,0.649624060150376,0.6181649866282658,0.29326047358834245,0.14699469338565788,0.3437947759322713
1,0,2,0.03609022556390978,0.5027772063361449,0.47176684881602915,0.45065997918685324,0.3476234651147878
1,0,2,0.649624060150376,0.8544846739354043,0.18397085610200364,0.20301272670145362,0.40848962779010217
0,0,2,0.12030075187969924,0.06520263320304465,0.9198542805100182,0.06711104471964685,0.0919565190813182
0,0,1,0.6616541353383458,0.8424912569430159,0.44808743169398907,0.19719951660440693,0.5635237194392139
0,0,2,0.1924812030075188,0.5369059864225468,0.97632058287796,0.28911118535763686,0.5754089014297609
0,0,2,0.44511278195488724,0.47359596790783787,0.23679417122040072,0.152716966797788,0.2424396431723261
0,0,2,0.27669172932330827,0.38139271754782966,0.6411657559198543,0.17217088855040089,0.3164926633154294
0,1,2,0.0481203007518797,0.575601728039498,0.3551912568306011,0.4859139357119722,0.3467111607578385
0,0,1,0.6135338345864662,0.48575396009051636,0.6939890710382514,0.12135822078722763,0.41864603743681505
1,0,2,0.3969924812030075,0.7204690392923266,0.4116575591985428,0.2486172790547539,0.4634891375051056
0,0,1,0.06015037593984962,0.5169923883974491,0.8652094717668488,0.4205719585825624,0.5116241956768591
0,0,1,0.25263157894736843,0.5244188438592882,0.8670309653916212,0.24444534651147828,0.5193284817158629
0,0,1,0.12030075187969924,0.4186895700473154,0.4808743169398907,0.28257557568654534,0.2935899415974509
0,0,2,0.5654135338345865,0.4817835836247686,0.6757741347905283,0.12880904631391482,0.40864726751571223
0,0,1,0.18045112781954886,0.5568195844476446,0.8834244080145719,0.30867595932033387,0.5566899949175036
0,0,2,0.3849624060150376,0.14167866694095865,0.7887067395264117,0.056357003455151045,0.14794460802525433
1,0,2,0.0962406015037594,0.2161489405472125,0.5143198972973337,0.17264023386768235,0.16146328089369097
0,0,0,0.06015037593984962,0.6463999177124049,0.6848816029143898,0.5165986930378094,0.5469751162274853
0,0,1,0.18045112781954886,0.5286463690598642,0.7176684881602914,0.29410517511597284,0.4635475475395553
0,0,2,0.3368421052631579,0.4556469862168278,0.8178506375227687,0.1791961179965414,0.43731520434904003
0,0,2,0.02406015037593985,0.49728450936021396,0.6612021857923497,0.4693386712271426,0.41573647667977504
0,0,2,0.22857142857142856,0.5649969142151821,0.8306010928961749,0.27727666196771744,0.5420624855128893
0,0,2,0.42105263157894735,0.382452170335322,0.4098360655737705,0.12975824804638772,0.24729446267384225
1,0,2,0.21654135338345865,0.33337790578070353,0.23679417122040072,0.17563398911263664,0.16931157748761005
0,0,2,0.3007518796992481,0.5027772063361449,0.8652094717668488,0.21156684213328056,0.49826237009007024
0,0,2,0.02406015037593985,0.2922238222587945,0.5143198972973337,0.2943488194812739,0.215196851895887
1,0,1,0.21654135338345865,0.5774840567784406,0.28233151183970856,0.2913615161333517,0.31632078910684047
1,0,1,0.22857142857142856,0.14324213124871427,0.39526411657559196,0.08273225795227737,0.09288607697898611
1,0,1,0.37293233082706767,0.7052149763423164,0.3442622950819672,0.2541317353879288,0.41886909839708
0,0,2,0.07218045112781955,0.5907117876980045,0.7577413479052824,0.45477812753376856,0.5334788801940581
0,0,2,0.6135338345864662,0.5461633408763629,0.9927140255009107,0.13630046203608612,0.5915456402934923
1,0,0,0.48120300751879697,0.6956490434067064,0.07285974499089254,0.20929769318594676,0.2744275579590471
1,0,0,0.3849624060150376,0.8361139683192759,0.4907318118504232,0.2933973297175675,0.5850931345555581
0,0,0,0.4691729323308271,0.7021703353219502,0.6138433515482696,0.21521446236783198,0.5560707013420835
0,0,2,0.45714285714285713,0.11479119522731948,0.5701275045537341,0.04033942313934491,0.09682145616889559
1,0,1,0.20451127819548873,0.23026126311458547,0.13479052823315119,0.13084505924245748,0.09498789008533955
1,0,2,0.4691729323308271,0.36495577041760957,0.5063752276867031,0.11424456396246883,0.2642565021396636
0,1,1,0.0,0.4988582596173627,0.31876138433515483,0.5248305373355586,0.2867839250395409
0,0,1,0.12030075187969924,0.5999897140506069,0.49544626593806923,0.39308531853769335,0.4241316029724495
0,0,1,0.324812030075188,0.34419872454227524,0.5245901639344263,0.1412795129681508,0.2547557769420339
1,0,1,0.6736842105263158,0.5319173009668793,0.4936247723132969,0.12267974007817055,0.3761731097766821
1,0,2,0.2887218045112782,0.3380991565521498,0.11839708561020036,0.15008217261656862,0.1394252762001191
0,0,2,0.5894736842105263,0.36769183295618185,0.8779599271402551,0.09540377052864538,0.37502128934724227
0,0,2,0.2646616541353383,0.2041143797572516,0.44990892531876137,0.1012508184501059,0.1411109833071058
1,0,1,0.3609022556390977,0.30356922443941575,0.28233151183970856,0.11696195669937655,0.16516018596397644
1,0,1,0.34887218045112783,0.21542892408969347,0.08378870673952642,0.08779852215397245,0.07849091026586921
0,0,2,0.4932330827067669,0.29273811972845093,0.825136612021858,0.08891653209079446,0.29109382956994895
0,0,2,0.40902255639097745,0.7102448055955565,0.36429872495446264,0.24016008652922569,0.4322915920739005
1,1,0,0.07218045112781955,0.2981896729068093,0.22404371584699453,0.24675677613425848,0.1478149631986842
1,1,1,0.18045112781954886,1.0,0.0,0.5378825340662633,0.34791516597457056
0,0,1,0.3007518796992481,0.5949804566961531,0.3460837887067395,0.24816323036748977,0.3542993503037647
0,0,2,0.5654135338345865,0.5315161489405472,0.5143198972973337,0.14186738581865732,0.3842149421872724
0,0,1,0.6736842105263158,0.31691010080230403,0.8032786885245902,0.07309115293656207,0.3075061011164775
0,0,2,0.6135338345864662,0.6375642871837071,0.2586520947176685,0.15890845722378513,0.3382847709994803
1,0,1,0.5774436090225564,0.37507714462044844,0.3460837887067395,0.09901147138518228,0.22361020421555272
0,0,2,0.012030075187969926,0.5185969965027772,0.9690346083788707,0.5140618315713337,0.5539780826388462
0,0,2,0.0,1.0,0.4116575591985428,1.0,0.6418203371214607
0,0,1,0.5654135338345865,0.4737296852499486,0.5683060109289617,0.12669432452855528,0.3630246267783435
1,0,2,0.13233082706766916,0.5027772063361449,0.5482695810564663,0.32174455732724666,0.376914363304426
0,0,2,0.0481203007518797,0.34883768771857643,0.8360655737704918,0.3099952563202176,0.3453929303648095
0,0,0,0.4330827067669173,0.4862991154083522,0.7285974499089253,0.15986847862645884,0.4319672304985712
1,0,2,0.37293233082706767,0.8577864636905986,0.5143198972973337,0.3072737177098584,0.614667737237253
0,0,2,0.649624060150376,0.364513474593705,0.37522768670309653,0.08686826459055351,0.22580750437950503
1,0,2,0.0962406015037594,0.866344373585682,0.3806921675774135,0.5994467265118302,0.5372005051058255
1,0,2,0.48120300751879697,0.6390968936432833,0.20765027322404372,0.19265661060273592,0.31494967530158763
0,0,1,0.40902255639097745,0.37778234931084137,0.4553734061930783,0.13104125264290545,0.25796595850217807
0,0,2,0.21654135338345865,0.6235959679078379,0.3970856102003643,0.31322256887369665,0.39493591738061556
0,0,2,0.5654135338345865,0.6935712816292944,0.7395264116575592,0.18441839696596196,0.6135149741521251
0,0,2,0.18045112781954886,0.6214153466364946,0.5143198972973337,0.34208396399480906,0.44771296957494044
0,0,2,0.02406015037593985,0.17046903929232668,0.6429872495446266,0.19044859500716438,0.14999141689369896
0,0,1,0.22857142857142856,0.34391071795926764,1.0,0.17529540645207545,0.3862820628298352
1,0,2,0.27669172932330827,0.4425735445381609,0.2568306010928962,0.19763871824406515,0.2331287069225996
0,0,1,0.637593984962406,0.4781835013371734,0.9107468123861566,0.11565062526981881,0.4918343969482067
0,0,2,0.6616541353383458,0.6211787698004526,0.994535519125683,0.14545748112973578,0.6692676389695982
0,0,2,0.3849624060150376,0.5300555441267228,0.9854280510018215,0.18892656248846787,0.5721153090429761
0,0,2,0.27669172932330827,0.21879242954124667,0.9216757741347905,0.10448503586085059,0.24226758183205907
0,0,2,0.6135338345864662,0.5717033532195022,0.5100182149362478,0.14261777601887438,0.4107557300343599
0,0,2,0.12030075187969924,0.6191010080230406,0.7704918032786885,0.4047344222604571,0.5640017660240232
0,0,1,0.5774436090225564,0.5027772063361449,0.4899817850637523,0.13203379447703015,0.3545974884932731
1,1,0,0.08421052631578947,0.7158300761160256,0.2786885245901639,0.5213370601588504,0.3907557824312297
1,0,0,0.42105263157894735,0.6650483439621477,0.1493624772313297,0.22076023150413165,0.29936567351310783
1,0,1,0.44511278195488724,0.587955153260646,0.7741347905282332,0.1882039281962735,0.5382913954608841
0,0,2,0.4691729323308271,0.47905780703558937,0.4990892531876138,0.14840937249744607,0.3415714519896214
0,0,2,0.22857142857142856,0.15180004114379758,0.5154826958105647,0.08667979701383009,0.11618551785448293
0,0,2,0.40902255639097745,0.5818761571693067,0.3132969034608379,0.19802769846842264,0.33223133567356056
0,0,2,0.5654135338345865,0.5362168278132071,0.5938069216757741,0.14310164872531034,0.4197385246488599
1,0,1,0.2887218045112782,0.549362271137626,0.11293260473588343,0.2359310930908577,0.2306886720212941
1,0,1,0.40902255639097745,0.23084756222999384,0.13114754098360656,0.0828151978793981,0.09451866364029002
0,0,2,0.2887218045112782,0.2710964822053076,0.6812386156648452,0.12285495279235518,0.23843280463228256
0,0,2,0.3368421052631579,0.7101522320510183,0.9234972677595629,0.27362380620201693,0.7235538276786716
0,0,0,0.20451127819548873,0.48535280806418435,0.7231329690346083,0.2552359192314951,0.42913500502635693
1,0,1,0.5413533834586466,0.6336967702118905,0.2167577413479053,0.17458137604451704,0.31651908630837355
1,0,2,0.20451127819548873,0.5027772063361449,0.7941712204007286,0.2637326174904237,0.4710636789139776
0,0,2,0.012030075187969926,0.49961941987245423,0.8451730418943534,0.4970148456125219,0.4876648536517999
0,0,2,0.637593984962406,0.6865151203456079,0.5191256830601093,0.16572981469373343,0.4961225193512869
0,0,2,0.40902255639097745,0.38733799629705823,0.4808743169398907,0.13417754979903415,0.27214375305804356
0,0,2,0.18045112781954886,0.5132688747171363,0.581056466302368,0.28615215489489954,0.3973443519792169
1,0,1,0.48120300751879697,0.3983953918946719,0.48477468915815325,0.1218275866795425,0.2809298752621457
1,0,2,0.42105263157894735,0.4041143797572516,0.16029143897996356,0.13673394059796407,0.18193785082511352
1,0,0,0.3849624060150376,0.42989096893643286,0.3679417122040073,0.1547361295771262,0.2634942274867492
0,0,2,0.03609022556390978,0.5391894671878215,0.6065573770491803,0.48025296603908396,0.42718646523979176
0,0,2,0.3849624060150376,0.3950113145443324,0.40255009107468126,0.1428302189176109,0.2530247465426175
1,1,1,0.15639097744360902,0.751830898991977,0.07285974499089254,0.43702924557632195,0.29759545774030266
1,0,1,0.24060150375939848,0.30945278749228555,0.122040072859745,0.1547677288681718,0.12766952695357364
0,0,2,0.5654135338345865,0.45505040115202633,0.9344262295081968,0.12178968243122079,0.47770228747268184
1,0,0,0.22857142857142856,0.40303435507097307,0.22950819672131148,0.20256758737251418,0.2033338631239064
0,0,1,0.6616541353383458,0.7911643694713022,0.46265938069216755,0.18519948142042247,0.5379112811209338
1,1,0,0.08421052631578947,0.5339333470479325,0.0273224043715847,0.39715886841431014,0.18936055359039572
0,0,0,0.07218045112781955,0.7057601316601523,0.8670309653916212,0.5365924956691995,0.6900035505117055
1,0,1,0.02406015037593985,0.18788315161489405,0.48477468915815325,0.20530903937944348,0.13638128384242498
0,0,2,0.1924812030075188,0.5484365356922444,0.785063752276867,0.2948992254331467,0.5080583516493662
0,0,1,0.3849624060150376,0.6765068915860935,0.48633879781420764,0.2389166409226107,0.47267540663089874
1,0,2,0.5654135338345865,0.5104196667352396,0.061930783242258654,0.1363280571063043,0.19380387053182574
0,0,1,0.13233082706766916,0.712682575601728,0.8979963570127505,0.4452784141026501,0.7127026355376033
0,0,2,0.6015037593984962,0.38708084756223,0.8524590163934426,0.09862219115087123,0.3856118694379787
0,0,1,0.25263157894736843,0.7834190495782761,0.5901639344262295,0.3577886725126558,0.6053517663858112
0,0,2,0.649624060150376,0.9664163752314339,0.5519125683060109,0.22954540302539223,0.7173945756265233
0,0,2,0.25263157894736843,0.41885414523760545,0.5009107468123861,0.1982482633204503,0.300254286999613
0,0,2,0.5413533834586466,0.4018411849413701,0.36429872495446264,0.11177012212397723,0.2452659552835133
0,0,2,0.34887218045112783,0.7924809709936227,0.8087431693989071,0.29734365536311363,0.7380628577801742
0,0,1,0.44511278195488724,0.8184427072618803,0.5883424408014571,0.2597268487770671,0.6307783330459822
1,0,1,0.44511278195488724,0.38592882123019956,0.061930783242258654,0.12551284987034675,0.14337310588434313
0,0,1,0.5293233082706766,0.4070561612836865,0.8761384335154827,0.11527710949424569,0.41177542302363374
0,0,2,0.6015037593984962,0.43552766920386754,0.8724954462659381,0.11078172226400743,0.43751326451711425
0,0,2,0.637593984962406,0.5027772063361449,0.11657559198542805,0.1215625114114491,0.2116300092343245
1,1,2,0.08421052631578947,0.3045052458341905,0.012750455373406194,0.24053171579827481,0.09805173467322942
1,0,2,0.31278195488721805,0.28692655832133307,0.546448087431694,0.12265375240023584,0.21913863039073345
0,0,0,0.31278195488721805,0.3355482411026538,0.6229508196721312,0.14151358179071083,0.2752937031687382
0,0,2,0.3969924812030075,0.48636083110471096,0.7832422586520947,0.17027306726848937,0.4523443731874737
0,0,2,0.24060150375939848,0.5416786669409587,0.7704918032786885,0.2590684882156225,0.49611013123419834
0,0,2,0.34887218045112783,0.8124665706644724,0.6029143897996357,0.3046010339094027,0.6348467878098931
0,0,2,0.3849624060150376,0.2881094425015429,0.7959927140255009,0.10634005982461707,0.279873888219512
0,0,1,0.324812030075188,0.6959884797366797,0.3151183970856102,0.27470264297440317,0.3984890988312254
0,0,1,0.5533834586466165,0.4494754165809504,0.9581056466302368,0.12246623135488945,0.4804308419952429
1,0,2,0.3849624060150376,0.4833161900843448,0.04553734061930783,0.1729724315427771,0.1767601668016926
0,0,2,0.0481203007518797,0.6323184529932113,0.7377049180327869,0.5299135546072881,0.5602108150632518
1,0,2,0.5654135338345865,0.2625282863608311,0.4207650273224044,0.07123891914057649,0.17336865464549406
0,0,2,0.21654135338345865,0.5721662209421929,0.9690346083788707,0.2888403998570282,0.6080348853369356
0,0,2,0.03609022556390978,0.5277412055132689,1.0,0.47094873034232326,0.5755760848709528
0,0,2,0.40902255639097745,0.5948055955564698,0.9180327868852459,0.20227132120820063,0.6082277557198045
1,0,1,0.5774436090225564,0.5529829253240074,0.3242258652094718,0.14501663451016017,0.32024056151479846
0,1,1,0.1924812030075188,0.9986011108825344,0.23861566484517305,0.5208702993891572,0.5175448673149075
0,0,2,0.5172932330827068,0.3623019954741823,0.8269581056466302,0.10491826440128653,0.35515254600133284
0,0,2,0.324812030075188,0.38426249742851265,0.6320582877959927,0.1564744806993386,0.31599374531079205
0,0,1,0.34887218045112783,0.36530549269697593,0.48477468915815325,0.14222325853996193,0.25820863913406794
0,0,1,0.3368421052631579,0.37922238222587945,0.7377049180327869,0.15084071552446107,0.343796397740148
1,0,1,0.5413533834586466,0.3623739971199342,0.1366120218579235,0.10107819269346788,0.15544274980769102
0,0,2,0.6255639097744361,0.7380991565521497,0.8943533697632058,0.1809123803880451,0.7351826766965919
1,1,1,0.06015037593984962,0.785723102242337,0.35154826958105645,0.6199833300457038,0.47077996233912606
1,0,2,0.40902255639097745,0.3760851676609751,0.29326047358834245,0.13048421385844772,0.20844074899578904
0,0,0,0.48120300751879697,0.3222587944867311,0.6302367941712204,0.09942356825812985,0.2668596035852434
0,0,1,0.4330827067669173,0.5904752108619625,0.6557377049180327,0.19279415966656788,0.4882624274771181
0,0,1,0.27669172932330827,0.5027772063361449,0.48477468915815325,0.2226997819960855,0.35260382746224966
0,0,2,0.3368421052631579,0.6236988274017692,0.47540983606557374,0.24154747271913202,0.4312952780689408
0,0,1,0.5774436090225564,0.5352396626208599,0.3879781420765027,0.14042835361338712,0.3357410526730762
0,0,2,0.5413533834586466,0.18168072413083727,0.47540983606557374,0.052127156908803374,0.13053907895784125
0,0,2,0.6255639097744361,0.8118494137008846,0.5136612021857924,0.19889388172113787,0.5818335062014192
0,0,2,0.3609022556390977,0.8629397243365563,0.848816029143898,0.315854624019046,0.8265957778602266
0,0,1,0.40902255639097745,0.3674346842213536,0.6903460837887068,0.12764500405402981,0.3198526001198142
0,0,2,0.3849624060150376,0.4137317424398272,0.6575591985428051,0.14922029777349938,0.3473705504141473
0,0,2,0.6135338345864662,0.5523040526640609,0.8160291438979964,0.13781936515639404,0.5243643199273031
0,0,0,0.24060150375939848,0.5623019954741822,0.8014571948998178,0.2683311458978495,0.5272778853022538
1,0,2,0.37293233082706767,0.6289652334910513,0.16757741347905283,0.22757328362817258,0.29115238930974113
0,0,1,0.2646616541353383,0.9070355893849003,0.7704918032786885,0.40117197837710167,0.816491540525361
1,0,2,0.3849624060150376,0.457097305081259,0.2568306010928962,0.16402281011219488,0.2408970668481761
0,0,2,0.02406015037593985,0.3292738119728451,0.5282331511839709,0.3259656656885682,0.24508580985475342
0,0,1,0.20451127819548873,0.20974079407529314,0.785063752276867,0.12083861707801676,0.20776979460177505
1,0,2,0.2887218045112782,0.34312898580538986,0.08743169398907104,0.1521260950135659,0.13308784983955332
0,0,2,0.4932330827067669,0.48667969553589796,0.5482695810564663,0.1450186632268426,0.36518039618520853
1,0,1,0.3609022556390977,0.8626722896523349,0.3442622950819672,0.315759533559881,0.5122554407287856
1,0,1,0.637593984962406,0.3870088459164781,0.2459016393442623,0.0937338712926499,0.20006673115640142
0,0,1,0.02406015037593985,0.5395289035177947,0.7340619307832422,0.5053881957616673,0.47938546206429195
0,0,2,0.4691729323308271,0.490115202633203,0.6193078324225865,0.15172021439549893,0.394284399730231
0,0,2,0.5413533834586466,0.7379654392100391,0.5774134790528234,0.20282846716702765,0.5640727014054587
0,0,1,0.27669172932330827,1.0,0.6593806921675774,0.42967942009153465,0.8186836259532175
0,0,1,0.5894736842105263,0.3842830693272989,0.6939890710382514,0.09963011020166002,0.3348351856458526
1,0,0,0.37293233082706767,0.39281012137420285,0.4225865209471767,0.14531839438599764,0.2578381101397176
0,0,0,0.5533834586466165,0.7083007611602551,0.6247723132969034,0.1914881897386126,0.5664870743159776
0,0,0,0.25263157894736843,0.6337687718576425,0.9981785063752276,0.29229891675446945,0.6838985666461987
0,0,2,0.2646616541353383,0.8734005348693684,0.9617486338797814,0.3868206336938906,0.9074233140620974
1,1,2,0.012030075187969926,0.6136185969965028,0.331511839708561,0.5994168756296009,0.35872134670933936
1,0,1,0.31278195488721805,0.4195844476445176,0.07285974499089254,0.17411032520517686,0.16058587684789416
0,0,2,0.4932330827067669,0.6150072001645752,0.7213114754098361,0.1821403915775897,0.5379068149115503
0,0,2,0.012030075187969926,0.7215799218267847,0.8979963570127505,0.69639528463973,0.7212601047987299
0,0,0,0.3007518796992481,0.662281423575396,0.604735883424408,0.274875654309528,0.5207984883752554
1,1,0,0.1924812030075188,0.597850236576836,0.22950819672131148,0.31970363624737436,0.30399124423353735
1,0,2,0.4691729323308271,0.7129294383871632,0.0,0.21843598853096063,0.24346200590687384
0,0,2,0.3849624060150376,0.7340362065418639,0.30418943533697634,0.25855384479128335,0.41444914796451887
1,1,2,0.0962406015037594,0.777833779057807,0.03278688524590164,0.5413458932965721,0.28563617160523797
0,0,0,0.5052631578947369,0.6269491874099979,0.6029143897996357,0.1822240017544618,0.4928672889585075
0,0,2,0.637593984962406,0.4591133511623123,0.8287795992714025,0.11106650276602016,0.44433083333728385
1,0,2,0.5654135338345865,0.523678255502983,0.19672131147540983,0.13980938070953347,0.2526585547995159
0,0,2,0.45714285714285713,0.7416992388397449,0.48633879781420764,0.23140227935436164,0.5175077403899775
0,0,0,0.3368421052631579,0.325437152849208,0.4907318118504232,0.13088507628805351,0.23241036124765083
1,0,2,0.4932330827067669,0.5693375848590825,0.4353369763205829,0.16892938854157521,0.37718813694944925
0,0,1,0.649624060150376,0.5027772063361449,0.546448087431694,0.11964277618275923,0.37621696096657753
1,0,2,0.3007518796992481,0.4994034149351985,0.18579234972677597,0.21022775072979766,0.23648633576962147
0,0,2,0.40902255639097745,0.7565007200164575,0.5143198972973337,0.2553419254001737,0.5431271107285154
0,0,1,0.5894736842105263,0.5328018926146884,0.8233151183970856,0.1374627937346162,0.5096068163836529
0,0,2,0.2887218045112782,0.5030446410203662,0.9453551912568307,0.21710945187679062,0.5292137250856003
1,0,2,0.27669172932330827,0.21374202838922032,0.2768670309653916,0.10238269820456457,0.11454829032756277
1,1,0,0.1443609022556391,0.6470170746759926,0.3151183970856102,0.3925231353835091,0.3703949825755457
0,0,2,0.07218045112781955,0.6262806006994446,0.6229508196721312,0.4800721896716604,0.5016747536660967
0,0,2,0.6736842105263158,0.938520880477268,0.7832422586520947,0.2164575159815233,0.8526822830962958
0,0,1,0.42105263157894735,0.43017897551944045,0.5883424408014571,0.145127295263536,0.33740101046115983
0,0,2,0.5293233082706766,0.5385825961736268,0.7632058287795993,0.1514832147451522,0.4904318699719277
0,0,2,0.22857142857142856,0.5447953096070768,0.8816029143897997,0.2679581923560714,0.5444933509619692
0,0,2,0.0,0.8180106973873689,0.7486338797814208,0.827442513435234,0.7254687835667448
1,1,2,0.08421052631578947,0.47389426044023863,0.151183970856102,0.35617107689582567,0.21146376145152307
1,0,2,0.5413533834586466,0.5508948775972022,0.2040072859744991,0.15214978054918207,0.2691496961106303
0,0,2,0.18045112781954886,0.6185455667558115,0.6029143897996357,0.3405997548699398,0.4864358601183221
0,0,2,0.15639097744360902,0.5318864431186998,0.6867030965391621,0.31593827058920476,0.45381877120357855
1,1,1,0.13233082706766916,0.5027772063361449,0.07285974499089254,0.32174455732724666,0.19489235312595982
1,0,1,0.6015037593984962,0.5334190495782761,0.48477468915815325,0.13535120370853332,0.37364410176300933
1,0,1,0.2646616541353383,0.7143591853528081,0.366120218579235,0.3189611561734597,0.43574070336061044
0,0,2,0.16842105263157894,0.2823184529932113,0.5143198972973337,0.17243809630877682,0.20820044453040365
0,0,2,0.324812030075188,0.5208496194198724,0.48269581056466304,0.208277812278913,0.3641923159740841
1,0,1,0.3969924812030075,0.3494651306315573,0.3806921675774135,0.12446097962950017,0.21810657423526147
0,1,2,0.012030075187969926,0.7393334704793253,0.21311475409836064,0.7123427631030954,0.3682339235799139
0,0,2,0.37293233082706767,0.18014811767126107,0.6848816029143898,0.07124636010393103,0.16469748417676908
0,0,0,0.2646616541353383,0.5027772063361449,0.9817850637522769,0.22868373717234317,0.5428961197123761
1,0,1,0.25263157894736843,0.5710964822053075,0.151183970856102,0.26487235260335057,0.2566167640541504
0,0,1,0.6015037593984962,0.815552355482411,0.825136612021858,0.2061630463629308,0.7685725820154482
0,0,2,0.2887218045112782,0.47996297058218473,0.9344262295081968,0.2077299797727785,0.502267511969566
0,0,1,0.25263157894736843,0.3792840979222382,0.7030965391621129,0.18093167177451983,0.3334443481617307
0,0,1,0.25263157894736843,0.8804875540012344,0.6357012750455373,0.40026766248378803,0.7077035998895176
1,0,1,0.5774436090225564,0.1956078996091339,0.5373406193078324,0.05260200756669164,0.15106018828440923
0,0,1,0.6135338345864662,0.04115408352190907,0.4681238615664845,0.011386581805334415,0.034372433956864394
1,0,0,0.4932330827067669,0.5840156346430776,0.14571948998178508,0.17317535731013212,0.2602302518068811
1,0,1,0.06015037593984962,0.3902077761777412,0.48633879781420764,0.3264915572714286,0.27578945241029346
0,0,2,0.16842105263157894,0.28340876362888295,0.761384335154827,0.17301961103982436,0.26747661415419105
1,0,1,0.637593984962406,0.6392203250360008,0.4262295081967213,0.15436099307967402,0.4185583475324693
0,0,1,0.5052631578947369,0.5436535692244394,0.5646630236794171,0.15853038519082405,0.41343321008425166
0,0,1,0.4330827067669173,0.37745319893026125,0.6484517304189436,0.12546686362187412,0.3155589510945082
0,0,2,0.3849624060150376,0.23010697387368853,0.3861566484517304,0.08654134846837803,0.14552122784329746
1,1,2,0.08421052631578947,0.6729788109442502,0.08743169398907104,0.49208313871529946,0.27230962657748886
1,0,0,0.6255639097744361,0.6272577658917918,0.22950819672131148,0.15388746290333,0.31918551311381377
0,0,1,0.5172932330827068,0.47309195638757456,0.40437158469945356,0.13591607531678584,0.30302542021665857
0,0,2,0.5172932330827068,0.8733799629705822,0.5063752276867031,0.24791225112103527,0.6206794975788905
0,0,1,0.0481203007518797,0.2733593910717959,0.7413479052823315,0.25144081245844246,0.25411461391116935
0,0,1,0.45714285714285713,0.179664678049784,0.9180327868852459,0.060110923994961346,0.20340654506767059
0,0,1,0.03609022556390978,0.35115202633203046,0.5336976320582878,0.32743110370981005,0.262282125706079
0,0,0,0.06015037593984962,0.48411849413700886,0.5027322404371585,0.39617791650967715,0.3464441612795615
0,0,1,0.5293233082706766,0.5435507097305081,0.7959927140255009,0.15285081847051296,0.5082076952039148
1,0,1,0.37293233082706767,0.44386957416169515,0.1930783242258652,0.16310284798581282,0.21191347630027202
1,0,2,0.6135338345864662,0.5027772063361449,0.7632058287795993,0.12556891536697576,0.4592078391705525
0,0,2,0.34887218045112783,0.23603168072413083,0.7795992714025501,0.09528000914739343,0.2299577356867346
0,0,1,0.5533834586466165,0.790506068710142,0.6812386156648452,0.21341019790149918,0.6630343077238227
0,0,2,0.40902255639097745,0.5027772063361449,0.13114754098360656,0.17206631512005918,0.21720922793711278
1,0,2,0.649624060150376,0.7233388191730097,0.5143198972973337,0.17192546120520136,0.5197040397562221
0,0,2,0.4691729323308271,0.5639991771240486,0.3406193078324226,0.17384279798034896,0.33357212167152
0,0,2,0.6135338345864662,0.5874614276897757,0.6612021857923497,0.1465155307597651,0.48825026391804327
1,0,2,0.18045112781954886,0.6107076733182473,0.5143198972973337,0.33654610844287774,0.4401498750085146
0,1,2,0.1443609022556391,0.5855996708496194,0.3533697632058288,0.35758251189586254,0.3519157418411212
1,0,2,0.5894736842105263,0.6257148734828225,0.28233151183970856,0.16113081993817555,0.34293708907442927
1,0,1,0.4932330827067669,0.7669306727010903,0.48477468915815325,0.22608780483027766,0.5339852589217361
1,0,2,0.34887218045112783,0.5339230610985394,0.07285974499089254,0.20345342143719106,0.20773607347338605
1,0,2,0.21654135338345865,0.6393540423781116,0.11293260473588343,0.3206932654604039,0.2702001285968892
1,1,1,0.1924812030075188,0.47503600082287595,0.04007285974499089,0.2580540390113463,0.1715050102635488
0,0,2,0.6616541353383458,0.7897551944044435,0.6539162112932605,0.1848700215366137,0.6467384819828373
1,0,0,0.21654135338345865,0.5027772063361449,0.13479052823315119,0.2559439774197391,0.21860403261280986
1,0,1,0.324812030075188,0.8639786052252623,0.21311475409836064,0.3384161764752398,0.4312749181423663
0,0,1,0.649624060150376,0.48522937667146676,0.6903460837887068,0.1154831781485156,0.41686051429274334
1,0,2,0.3007518796992481,0.1991565521497634,0.5264116575591985,0.0910567810113053,0.15164617242113215
0,0,1,0.4330827067669173,0.5198518823287389,0.7996357012750456,0.17047309667077518,0.4884600135782746
1,0,2,0.3007518796992481,0.35338407735033944,0.01092896174863388,0.15227122157173953,0.11573550359504904
1,0,2,0.6255639097744361,0.6664266611808269,0.3551912568306011,0.16343747086377872,0.40123946043200476
0,0,1,0.2646616541353383,0.35923678255502983,0.7650273224043715,0.1674381668193737,0.3345569582668912
0,1,2,0.0962406015037594,0.4017074675992594,0.34972677595628415,0.29444604806910657,0.24058631598356534
1,1,2,0.13233082706766916,0.10478296646780498,0.2677595628415301,0.08751632582772759,0.05374195988745152
1,0,2,0.6255639097744361,0.40044229582390456,0.366120218579235,0.09858619569328428,0.24499090914307917
0,0,1,0.0,0.0,0.8069216757741348,0.05182621127979764,0.022864272395856863
0,0,2,0.0,0.16765068915860934,0.761384335154827,0.21078820040086918,0.16667037603237433
0,0,1,0.5533834586466165,0.6499279983542481,0.7759562841530054,0.17592169870703334,0.5936615756038178
0,0,2,0.3969924812030075,0.6551532606459576,0.8706739526411658,0.22675938165392878,0.6441377259209561
0,0,1,0.37293233082706767,0.581022423369677,0.8633879781420765,0.21087438390441382,0.571018118588089
1,0,0,0.637593984962406,0.2945690187204279,0.22768670309653916,0.07151299268335194,0.146847168061463
0,0,1,0.5654135338345865,0.4836761983131043,0.7176684881602914,0.12930599242950377,0.42569495091286574
0,0,1,0.2887218045112782,0.49274840567784406,0.5901639344262295,0.2129254716735303,0.3853645562122353
0,0,2,0.4691729323308271,0.25519440444353014,0.7122040072859745,0.08137945336328539,0.23218435314691857
0,0,2,0.5293233082706766,0.8027669203867517,0.7996357012750456,0.2242068877931136,0.7420383455264177
1,0,1,0.6255639097744361,0.6739868339847768,0.3697632058287796,0.16528076284143886,0.4130187882699876
0,0,2,0.0,0.4480353836659124,0.8834244080145719,0.47664161849101516,0.45311685275456587
1,1,2,0.18045112781954886,0.49902283480765275,0.0546448087431694,0.27878430673022625,0.1864156623725353
0,0,2,0.45714285714285713,0.536360831104711,0.7049180327868853,0.16882126277267923,0.46487407410364556
0,0,2,0.0481203007518797,0.07347253651512034,0.7887067395264117,0.09637287738541482,0.0873074196712321
0,0,2,0.25263157894736843,0.4426455461839128,0.6830601092896175,0.20865982460086033,0.37929340575412446
0,0,0,0.3368421052631579,0.3531989302612631,0.6247723132969034,0.14118537659386038,0.2895535362522715
0,0,2,0.649624060150376,0.2874408557909895,0.8051001821493625,0.06859870534636386,0.28145739647937945
1,1,1,0.02406015037593985,0.4356613865459782,0.13479052823315119,0.4167521843787528,0.18815957990684837
1,1,2,0.13233082706766916,0.8633100185147089,0.28051001821493626,0.5339259271432248,0.47291990040602583
1,0,1,0.3007518796992481,0.6253240074058836,0.48477468915815325,0.2602068878073511,0.4367507989356471
0,0,2,0.18045112781954886,0.37599259411643693,0.6593806921675774,0.21515482521567256,0.3176586184242864
0,0,0,0.6015037593984962,0.6112836864842625,0.8142076502732241,0.15489422929801122,0.577042897816373
0,0,0,0.4330827067669173,0.7813721456490434,0.424408014571949,0.25312864963728116,0.5095903363205372
0,0,2,0.25263157894736843,0.6837070561612837,0.47540983606557374,0.31415284239925567,0.4721258383187292
1,0,2,0.6736842105263158,0.5057601316601522,0.5143198972973337,0.11664693248590578,0.3660228299929108
0,0,2,0.3368421052631579,0.36040938078584656,0.4444444444444444,0.14386063058214144,0.2432285154744175
1,0,0,0.15639097744360902,0.5027772063361449,0.9854280510018215,0.299912106851023,0.5442909243880731
0,0,0,0.324812030075188,0.5744394157580744,0.8816029143897997,0.22860278837120784,0.5726814696972683
1,1,2,0.0481203007518797,0.6776486319687307,0.2204007285974499,0.5650797353239471,0.3406739559861303
1,0,1,0.5533834586466165,0.62416169512446,0.22586520947176686,0.16905049870102345,0.3158965865435357
0,0,2,0.5774436090225564,0.709411643694713,0.9981785063752276,0.18546798284530494,0.7616978382299041
1,0,2,0.34887218045112783,0.3833881917300967,0.30783242258652094,0.14878963604092754,0.2169448857286646
1,0,2,0.5413533834586466,0.7645031886443119,0.22404371584699453,0.21001772385994247,0.38705289563816025
1,0,2,0.6135338345864662,0.5341390660357951,0.061930783242258654,0.13332626145377457,0.20341250833047855
1,1,1,0.0481203007518797,0.920417609545361,0.15664845173041894,0.7534147018033172,0.4224974943068306
0,0,0,0.13233082706766916,0.35171775354865253,0.36429872495446264,0.23284279711733954,0.21486953304159095
1,0,0,0.18045112781954886,0.5027772063361449,0.4907318118504232,0.28072601400828096,0.354884654161799
1,0,2,0.3007518796992481,0.534211067681547,0.1384335154826958,0.22404325472182846,0.23433382245395498
1,0,2,0.3007518796992481,0.35948364534046495,0.10564663023679417,0.15469220084693877,0.14522683228735045
0,0,2,0.5654135338345865,0.39395186175684016,0.7832422586520947,0.10574696543883806,0.3705264113907801
1,0,2,0.24060150375939848,0.42759720222176506,0.5143198972973337,0.20783051497194197,0.31081441922415914
0,0,2,0.45714285714285713,0.5807549886854557,0.19672131147540983,0.1823512766767288,0.28090286294001837
1,0,2,0.42105263157894735,0.5027772063361449,0.5045537340619308,0.16850547096582752,0.3601767071960613
1,0,2,0.3849624060150376,0.3754680106973874,0.122040072859745,0.13615925747465044,0.1570542654420437
1,0,1,0.34887218045112783,0.4884797366796955,0.12386156648451731,0.18695156944670985,0.20803817885446974
0,0,1,0.4330827067669173,0.9342007817321539,0.2987249544626594,0.30143135193723575,0.5241617685989551
0,0,2,0.2646616541353383,0.848878831516149,0.8888888888888888,0.37635775732545784,0.8381103393246244
0,0,1,0.10827067669172932,0.583254474387986,0.5537340619307832,0.39768240234743607,0.43796173182134274
0,0,2,0.637593984962406,0.5013166015223205,0.663023679417122,0.12121140817760907,0.41967442581139675
0,0,2,0.0481203007518797,0.5181855585270521,0.6885245901639344,0.44137170272799436,0.4432849543885248
0,0,1,0.42105263157894735,0.6197078790372351,0.6229508196721312,0.20615963664784082,0.49655685197609806
0,0,1,0.3969924812030075,0.28308989919769595,0.6429872495446266,0.10224853680626798,0.23918707004937537
0,0,1,0.6135338345864662,0.44054721250771445,0.75591985428051,0.11017634605732246,0.4024525727237365
1,0,2,0.3609022556390977,0.15023657683604197,0.19672131147540983,0.06244220766965508,0.06786168124588778
0,0,0,0.10827067669172932,0.5756222999382843,0.9034608378870674,0.39285798383800463,0.5832352971264309
1,0,1,0.21654135338345865,0.5027772063361449,0.6193078324225865,0.2559439774197391,0.4041130544805187
0,0,1,0.37293233082706767,0.394095865048344,0.6958105646630237,0.14576623014344664,0.3435057448177624
0,0,1,0.0,0.8172906809298498,0.9690346083788707,0.8267598127027673,0.8553904277905013
0,0,0,0.6616541353383458,0.24132894466159227,0.5446265938069217,0.056650006318240555,0.1855761397629117
0,1,1,0.0481203007518797,0.19224439415758074,0.25136612021857924,0.1885135374115688,0.09827222569178216
0,0,1,0.5293233082706766,0.5396729068092985,0.6520947176684881,0.15178335138053156,0.44611141620505446
0,0,2,0.03609022556390978,0.5027772063361449,0.907103825136612,0.45065997918685324,0.5143026238605863
0,0,1,0.18045112781954886,0.8399094836453405,0.6994535519125683,0.45508600783162445,0.7144830687000312
0,0,2,0.27669172932330827,0.39909483645340466,0.5081967213114754,0.17953977471428723,0.288760821513057
0,0,1,0.18045112781954886,0.7153980662415141,0.8779599271402551,0.39069048289778346,0.7048062900196689
1,0,2,0.649624060150376,0.48556881300144006,0.20036429872495445,0.1155636393062706,0.23515323464590823
0,1,2,0.012030075187969926,0.4579818967290681,0.25136612021857924,0.4596131116497739,0.23944099526107743
0,0,1,0.5774436090225564,0.675282863608311,0.48477468915815325,0.17664252428559882,0.47105513336961485
0,0,2,0.324812030075188,0.6276897757663032,0.9253187613843351,0.24879902661109465,0.6436901069470015
0,0,2,0.37293233082706767,0.1692038675169718,0.49544626593806923,0.06743438213652504,0.12527068597233496
1,0,2,0.31278195488721805,0.7972433655626414,0.1785063752276867,0.3206001699059766,0.3774862127617318
1,0,1,0.22857142857142856,0.7774017691832956,0.18761384335154827,0.3752534427622651,0.3730607107560544
0,0,2,0.27669172932330827,0.3648014811767126,0.3879781420765027,0.1652644310359623,0.22969465349825205
1,1,2,0.13233082706766916,0.5749228553795516,0.2987249544626594,0.36420383460576283,0.3219715295369889
0,0,2,0.5894736842105263,0.5951244599876568,0.9453551912568307,0.15333842428563646,0.6206797969895753
0,0,1,0.40902255639097745,0.5471199341699239,0.5154826958105647,0.18662021936125486,0.39571581983760473
0,0,0,0.3849624060150376,0.38028183501337176,0.9398907103825137,0.13780242060902176,0.40562268315388234
1,0,1,0.3849624060150376,0.3553281217856408,0.29690346083788705,0.12928465615606274,0.19787200093416135
0,0,1,0.6015037593984962,0.48823287389426046,0.11475409836065574,0.12401005292721543,0.20452918543077592
1,0,2,0.5052631578947369,0.7347459370499897,0.16393442622950818,0.212887017509824,0.33948750372080155
1,0,2,0.4330827067669173,0.6053281217856408,0.21129326047358835,0.1974885399412438,0.29963708929898725
0,0,1,0.13233082706766916,0.4172495371322773,0.48451730418943534,0.27140967130345683,0.2937922184660043
0,1,1,0.02406015037593985,0.6522423369677022,0.25318761384335153,0.6015729266721422,0.34351740935902914
1,0,2,0.0,0.0,0.44626593806921677,0.05182621127979764,0.005518962302448204
0,0,2,0.3849624060150376,0.729818967290681,0.7176684881602914,0.2571143215325392,0.6328799091188769
0,0,2,0.4691729323308271,0.1355996708496194,0.8852459016393442,0.04557000336453122,0.1558997253655493
0,0,1,0.10827067669172932,0.41893643283275045,0.8652094717668488,0.2938143623364286,0.4194546708441111
0,0,1,0.5052631578947369,0.263155729273812,0.9398907103825137,0.07874217530067826,0.2897034412018545
0,0,1,0.5172932330827068,0.5027772063361449,0.3333333333333333,0.14422168132385396,0.2946208874382995
1,0,1,0.3368421052631579,0.7322978810944251,0.03460837887067395,0.2818403851417732,0.269049193924059
0,0,2,0.1443609022556391,0.3972742234108208,0.5143198972973337,0.25044336008957874,0.2893965491167398
0,0,2,0.13233082706766916,0.5647809092779263,0.9617486338797814,0.3582350796304824,0.5974919364959917
0,0,1,0.3609022556390977,0.4838407735033944,0.2659380692167577,0.1810602408272962,0.2585735875363317
0,0,1,0.5413533834586466,0.591627237193993,0.5519125683060109,0.1631844536127257,0.4432901940755109
0,0,2,0.012030075187969926,0.5092984982513886,0.4134790528233151,0.5057092704294552,0.32947486110463076
1,0,1,0.6015037593984962,0.2295618185558527,0.18397085610200364,0.059086934363914254,0.10455341274536394
0,0,2,0.5894736842105263,0.6984468216416375,0.7577413479052824,0.17965806595670405,0.6270370343571265
0,0,1,0.40902255639097745,0.3919152437770006,0.39162112932604737,0.13567986652075348,0.24769068281355222
0,0,0,0.2646616541353383,0.1732771034766509,0.7395264116575592,0.08809322476195096,0.16799689012101932
0,0,2,0.1924812030075188,0.405420695330179,0.7249544626593807,0.22310894067856263,0.3621424880478998
0,0,2,0.3007518796992481,0.802232051018309,0.907103825136612,0.33042345197961387,0.8041343375900384
0,0,1,0.08421052631578947,0.6684015634643078,0.8451730418943534,0.4889583199341232,0.6440629730532879
1,0,1,0.3368421052631579,0.4217650689158609,0.14754098360655737,0.16662509568926917,0.18605008192624867
0,0,1,0.3007518796992481,0.4216416375231434,0.663023679417122,0.17936332691781406,0.3555089195690583
0,1,0,0.10827067669172932,0.5027772063361449,0.29508196721311475,0.3468114449110591,0.2799754383434804
1,0,0,0.3007518796992481,0.9207159020777618,0.08561020036429873,0.3774508723354656,0.3756692639711887
0,0,2,0.3969924812030075,0.5720633614482616,0.9289617486338798,0.1989533824092256,0.5907394770243469
1,0,1,0.6015037593984962,0.5819584447644518,0.48477468915815325,0.14753396959449713,0.40697376085172543
1,0,2,0.48120300751879697,0.7054412672289653,0.20947176684881602,0.2121791611050477,0.34920606266715537
0,0,2,0.07218045112781955,0.5426146883357333,0.6120218579234973,0.42057482083718606,0.4320533110704855
1,1,2,0.03609022556390978,0.4402077761777412,0.2659380692167577,0.39980852748568957,0.2349708935387923
0,0,1,0.6255639097744361,0.45310635671672495,0.48477468915815325,0.11142654253086236,0.3184972532432605
0,0,2,0.5894736842105263,0.47875951450318865,0.8051001821493625,0.12369640276002296,0.45363351084228465
0,0,2,0.5293233082706766,0.48583624768566136,0.5143198972973337,0.1369633971392518,0.35195009783617015
0,0,1,0.12030075187969924,0.6431804155523555,0.8979963570127505,0.419411791375091,0.6458554450203388
0,0,1,0.3368421052631579,0.5041760954536104,0.5209471766848816,0.19720160774933748,0.36744757131775385
1,0,2,0.6616541353383458,0.6442090104916683,0.2058287795992714,0.15084186565417287,0.316647658246656
0,0,2,0.42105263157894735,0.47688747171363916,0.8724954462659381,0.16016842530945632,0.4765908375839255
1,0,2,0.2887218045112782,0.5096687924295412,0.03825136612021858,0.2198012433362308,0.18432480270707186
0,0,2,0.24060150375939848,0.08242131248714256,0.6338797814207651,0.052799958114000164,0.07931982874706861
1,0,2,0.6736842105263158,0.6819995885620243,0.5143198972973337,0.15729424876033143,0.4905051184666298
0,0,1,0.42105263157894735,0.5647706233285332,0.22768670309653916,0.18846867087482594,0.286127092849499
0,0,0,0.10827067669172932,0.698806829870397,0.5027322404371585,0.4707248788096369,0.49642735685487044
1,0,0,0.4330827067669173,0.0,0.3697632058287796,0.0061697870571187675,0.001839654100816071
1,1,1,0.0962406015037594,0.9231125282863608,0.35154826958105645,0.636710933195736,0.5529307814893336
1,0,2,0.27669172932330827,0.46478090927792637,0.5143198972973337,0.20688300948626775,0.33707819142169004
0,0,0,0.40902255639097745,0.7214667763834602,0.5191256830601093,0.2438432944919129,0.5209215835930929
1,0,0,0.5774436090225564,0.2795618185558527,0.10200364298724955,0.07431189085913323,0.10967103997556808
0,0,2,0.40902255639097745,0.6195535897963382,0.5500910746812386,0.21039395948338427,0.46287527074834955
1,0,1,0.5654135338345865,0.2767846122197079,0.48477468915815325,0.07498221977213246,0.19742562448742873
1,0,2,0.42105263157894735,0.3651717753548653,0.03278688524590164,0.12419359301948919,0.12647641280050542
1,0,0,0.20451127819548873,0.88724542275252,0.6721311475409836,0.4512117128400305,0.7362972329712044
0,0,2,0.5774436090225564,0.45426866899814855,0.4790528233151184,0.11948983348620013,0.31728942009889033
1,0,2,0.45714285714285713,0.5382225879448673,0.2040072859744991,0.16938867067736713,0.26281735973170806
0,0,0,0.37293233082706767,0.6724850853733799,0.8870673952641166,0.24273162834630677,0.6686212736780832
0,0,1,0.27669172932330827,0.5954638963176301,0.5938069216757741,0.261282601997701,0.4647219859511516
0,0,2,0.2646616541353383,0.5244394157580745,0.9854280510018215,0.23792652980318185,0.5663867592610844
0,0,2,0.37293233082706767,0.5027772063361449,0.11657559198542805,0.18362089104909676,0.2116300092343245
0,0,0,0.4330827067669173,0.9879242954124666,0.5300546448087432,0.3184110944404437,0.7176946974118192
1,1,2,0.13233082706766916,0.48163958033326476,0.04371584699453552,0.30930460654205266,0.17542751479400673
0,0,2,0.5774436090225564,0.5348590824933142,0.9981785063752276,0.14032993831299256,0.5821691954809946
0,0,2,0.649624060150376,0.7096379345813618,0.5143198972973337,0.16867775629218112,0.510026766017049
0,0,2,0.1443609022556391,0.7209216210656244,0.9981785063752276,0.4345677476358521,0.7735359378902475
0,0,0,0.2646616541353383,0.7376877185764246,0.4907318118504232,0.32891493285282447,0.5171181615902148
0,0,0,0.2887218045112782,0.6248919975313721,0.3406193078324226,0.2666233674490399,0.3695393292152721
1,0,2,0.40902255639097745,0.2583521909072207,0.23132969034608378,0.09184260218024644,0.12898049663749328
1,0,2,0.48120300751879697,0.5027772063361449,0.36429872495446264,0.152543066136513,0.3064767271817246
1,0,2,0.34887218045112783,0.5027772063361449,0.22950819672131148,0.19214341513859962,0.25486895418093336
0,0,2,0.1924812030075188,0.5557498457107591,0.4663023679417122,0.2985703195399152,0.38125344790116855
0,0,2,0.5774436090225564,0.3383254474387986,0.994535519125683,0.08950774521464887,0.37903696050249097
1,0,2,0.22857142857142856,0.480302406912158,0.35154826958105645,0.2382093102455719,0.28815629886475946
1,0,2,0.5654135338345865,0.5611293972433655,0.18761384335154827,0.14964297205116064,0.2673503002714907
0,0,2,0.2887218045112782,0.5596070767331824,0.9726775956284153,0.2400941742921037,0.5968940882108789
0,0,2,0.25263157894736843,0.5802921209627648,0.4808743169398907,0.26889653582197853,0.4041349114605179
0,0,2,0.1443609022556391,0.8254680106973874,0.697632058287796,0.49404463544835236,0.701413667548847
1,0,2,0.21654135338345865,0.5867928409792224,0.47176684881602915,0.2957746887253687,0.4045852500815271
0,0,2,0.5774436090225564,0.4432627031475005,0.7522768670309654,0.11664376939370903,0.4035569989368426
0,0,1,0.42105263157894735,0.6918226702324625,0.6502732240437158,0.2293821345011655,0.5666099325003562
1,1,2,0.13233082706766916,0.7381917300966879,0.13479052823315119,0.46029110410132706,0.3253905750007548
1,0,2,0.48120300751879697,0.5027772063361449,0.644808743169399,0.152543066136513,0.4138766872103981
0,0,2,0.21654135338345865,0.6163958033326477,0.3406193078324226,0.3098090652113631,0.36452093167622823
0,0,1,0.13233082706766916,0.6377391483233903,0.5264116575591985,0.4011725837275048,0.46495913168905306
1,1,2,0.0962406015037594,0.4322773091956388,0.08014571948998178,0.3145129482801173,0.1682676571837481
1,1,2,0.07218045112781955,0.7765068915860934,0.1493624772313297,0.5869026632181932,0.35100593257321283
0,0,2,0.324812030075188,0.4626208599053693,0.2222222222222222,0.1861934188703754,0.2315261985596849
0,0,2,0.15639097744360902,0.5193272989096893,0.6502732240437158,0.3090238020647101,0.42915684953091077
0,0,2,0.3609022556390977,0.4578893231845299,0.9599271402550091,0.171832808962938,0.4895030606009721
1,0,2,0.6135338345864662,0.4966982102448056,0.11839708561020036,0.12406527760466086,0.20963627090978185
0,0,1,0.21654135338345865,0.26796955358979635,0.6812386156648452,0.1446247465572377,0.23587663581156393
0,0,2,0.5533834586466165,0.19724336556264144,0.29326047358834245,0.055202532134380804,0.10844497817171353
0,0,2,0.18045112781954886,0.8215182061304258,0.6903460837887068,0.44557430204214016,0.6938057418486065
0,0,0,0.6255639097744361,0.3192552972639375,0.6502732240437158,0.07879149694543197,0.26972930529485345
1,1,2,0.0481203007518797,0.28954947541658094,0.3406193078324226,0.2640007326871743,0.17146451496841342
0,0,2,0.40902255639097745,0.05050401152026332,0.5846994535519126,0.023623919043656107,0.05021576282482004
1,0,0,0.13233082706766916,0.5027772063361449,0.8178506375227687,0.32174455732724666,0.4801299093060084
0,0,2,0.2887218045112782,0.22131248714256327,0.8615664845173042,0.10262471884252515,0.23298230757311925
1,0,2,0.6135338345864662,0.8312898580538983,0.02185792349726776,0.2068264159639521,0.2996786075806294
0,0,2,0.24060150375939848,0.7012343139271755,0.3333333333333333,0.3307305061541288,0.41087958625435483
1,0,2,0.42105263157894735,0.3519234725365151,0.20036429872495445,0.119927357498867,0.16869491623112812
0,0,1,0.6255639097744361,0.5027772063361449,0.9234972677595629,0.12353709621810152,0.5205792449012231
0,0,0,0.2646616541353383,0.6954638963176302,0.5264116575591985,0.3108989481664081,0.5061963165998523
1,0,2,0.18045112781954886,0.42667146677638346,0.5355191256830601,0.24136521359642718,0.3172028904109487
0,0,1,0.6736842105263158,0.0,0.48477468915815325,0.0,0.00737099502816625
1,0,1,0.45714285714285713,0.9647809092779264,0.38979963570127507,0.2993909127072409,0.6042587676805129
1,0,2,0.5293233082706766,0.2076321744497017,0.04735883424408015,0.060380419996742346,0.06843036194011137
0,0,1,0.6255639097744361,0.1550092573544538,0.41894353369763204,0.03874566524573536,0.10384755205566645
0,0,2,0.4932330827067669,0.7038572310224234,0.5828779599271403,0.20784233847513325,0.5413721442770267
0,0,2,0.45714285714285713,0.9954021806212714,0.4225865209471767,0.30872336205672085,0.646656418504279
0,0,2,0.15639097744360902,0.7782657889323185,0.7941712204007286,0.4515830409145295,0.7169832477226699
0,0,2,0.3609022556390977,0.6095042172392512,0.9690346083788707,0.22574178465879197,0.6457127259271939
0,0,2,0.0481203007518797,0.6158506480148118,0.73224043715847,0.5171381846668817,0.5436260829622097
1,0,0,0.40902255639097745,0.669059864225468,0.0947176684881603,0.2266426120263847,0.27425185378878025
1,0,2,0.2646616541353383,0.6496194198724542,0.5683060109289617,0.2913381092510957,0.4935826559374511
0,0,2,0.3368421052631579,0.5513371734211068,0.5100182149362478,0.21469952434886483,0.39642892876096625
1,0,2,0.5052631578947369,0.5149351985188233,0.0546448087431694,0.15036138328347948,0.19278450190412721
0,0,1,0.12030075187969924,0.480621271343345,0.6120218579234973,0.3203254430249524,0.3842327838232399
1,0,1,0.20451127819548873,0.3383871631351574,0.48477468915815325,0.18357073344426247,0.23972512189838874
1,0,1,0.5533834586466165,0.43575396009051637,0.04007285974499089,0.11880707733971294,0.15616373073697695
0,0,1,0.13233082706766916,0.14521703353219503,0.9890710382513661,0.1113126501764369,0.18010071676422887
0,0,0,0.0962406015037594,0.47326681752725774,0.8105646630236795,0.3414196095657423,0.4506752209962741
1,1,2,0.10827067669172932,0.5027772063361449,0.13296903460837886,0.3468114449110591,0.2179066302749613
1,0,1,0.5172932330827068,0.2664678049783995,0.01639344262295082,0.0781049133382741,0.0847101193076727
0,0,0,0.1924812030075188,0.5304978399506275,0.8797814207650273,0.28589446014172015,0.5301670861327192
0,0,2,0.44511278195488724,0.7798601110882535,0.8287795992714025,0.2477542285031222,0.7380422982464765
1,1,0,0.07218045112781955,0.6824110265377494,0.2896174863387978,0.5199882385688482,0.37788610068233197
1,0,2,0.5413533834586466,0.1704073235959679,0.023679417122040074,0.049073116081115545,0.04988622393973062
1,0,2,0.1443609022556391,0.5027772063361449,0.5143198972973337,0.31046445791453114,0.36391591604068835
0,0,2,0.4691729323308271,0.6870294178152644,0.7486338797814208,0.21068091885719586,0.6125176745869942
1,0,1,0.4932330827067669,0.2913803744085579,0.0947176684881603,0.08852377254107512,0.1130100180320085
1,0,2,0.0962406015037594,0.44728450936021397,0.5143198972973337,0.3243640947834364,0.324720051308827
1,0,2,0.5894736842105263,0.6066550092573545,0.03825136612021858,0.1562756386523131,0.22208434498797747
1,0,0,0.31278195488721805,0.2942912980868134,0.052823315118397086,0.12551045598466148,0.10402840858480296
0,0,2,0.012030075187969926,0.5151717753548652,0.47176684881602915,0.5109850584958407,0.3560268626276331
0,0,0,0.0481203007518797,0.219059864225468,0.37158469945355194,0.2093164040165903,0.1358347931683464
1,0,2,0.3368421052631579,0.36977988068298706,0.10564663023679417,0.14733731586505733,0.14969750788011496
0,0,2,0.4330827067669173,0.5592779263526023,0.8561020036429873,0.18293401051622715,0.5475416261942432
0,0,2,0.44511278195488724,0.165788932318453,0.8469945355191257,0.05720092795539925,0.17861713682045316
1,0,1,0.21654135338345865,0.5841082081876157,0.020036429872495445,0.2945019395026986,0.2053457656966676
0,0,2,0.08421052631578947,0.48945690187204277,0.5264116575591985,0.3667954607518248,0.3590298270429228
0,0,2,0.5654135338345865,0.6071487348282246,0.6429872495446266,0.16172632488347047,0.49584147252170924
1,0,2,0.5293233082706766,0.539559761365974,0.13479052823315119,0.15175220512591675,0.23528899244062873
0,0,2,0.0,0.7741205513268875,0.8014571948998178,0.7858270273575845,0.7173889492007357
0,0,1,0.25263157894736843,0.5192552972639375,0.48477468915815325,0.24218568210907201,0.36391853690495424
0,0,1,0.6135338345864662,0.40515326064595764,0.2786885245901639,0.1014216632483114,0.22006160125333318
0,0,2,0.1924812030075188,0.5186484262497428,0.5143198972973337,0.27994635829784204,0.37512615131061655
0,0,1,0.07218045112781955,0.6052561201398889,0.5336976320582878,0.46512104363063933,0.445040810923899
1,0,2,0.2887218045112782,0.5035486525406295,0.3788706739526412,0.21731426209653062,0.3125312603468224
0,0,1,0.5293233082706766,0.5018411849413701,0.6229508196721312,0.14136917642840566,0.4047790186964507
1,1,2,0.03609022556390978,0.3490845505040115,0.15846994535519127,0.32575082394786137,0.15553032743302997
0,0,1,0.42105263157894735,0.35711787698004527,0.48477468915815325,0.12160006630159541,0.25258659873681893
1,0,2,0.06015037593984962,0.20494754165809503,0.5901639344262295,0.1890193758650656,0.16754927114706483
0,0,1,0.3609022556390977,0.5027772063361449,0.28415300546448086,0.1877933768012492,0.27579102431638924
1,0,2,0.21654135338345865,0.23760543098127956,0.24772313296903462,0.13022951396979668,0.12161797541987983
0,0,2,0.5172932330827068,0.3509463073441679,0.7777777777777778,0.10174106792457023,0.3309099739437852
0,0,2,0.637593984962406,0.3457004731536721,0.8214936247723132,0.08380407842573763,0.33844980866409685
0,0,2,0.45714285714285713,0.6775972022217651,0.2550091074681239,0.21186589227140595,0.35792696026046733
1,0,0,0.31278195488721805,0.4328224645134746,0.1493624772313297,0.17924521000008722,0.19177226923108595
0,1,2,0.10827067669172932,0.7501748611396832,0.3205828779599271,0.5031954260281015,0.43256734931471136
1,0,2,0.3007518796992481,0.35494754165809506,0.3588342440801457,0.15289177612457305,0.21527386222068418
0,0,2,0.21654135338345865,0.5508845916478091,0.7650273224043715,0.2787510583179308,0.5019155547094432
0,0,1,0.45714285714285713,0.3216519234725365,0.7285974499089253,0.1033843975657445,0.2921811145213434
0,0,2,0.02406015037593985,0.9347870808475622,0.8561020036429873,0.8426842949309339,0.8982312563297291
0,0,2,0.5293233082706766,0.2491874099979428,0.39526411657559196,0.07181958987346576,0.1593190702400001
0,1,1,0.1443609022556391,0.5572310224233696,0.31693989071038253,0.34144346658034935,0.3196495996754388
1,0,2,0.5894736842105263,0.6238736885414524,0.04007285974499089,0.16066180890192655,0.2296323511248984
1,0,2,0.324812030075188,0.5786155112116849,0.4262295081967213,0.2301866540705306,0.3793065049715897
1,0,1,0.22857142857142856,0.45537955153260645,0.02185792349726776,0.22671305165645866,0.15742918999678882
1,0,0,0.324812030075188,0.4667866694095865,0.18214936247723132,0.18777338342265554,0.2192758602879882
0,0,1,0.08421052631578947,0.5025097716519235,0.9744990892531876,0.37570646082668463,0.5398356684455821
0,0,2,0.48120300751879697,0.4632483028183501,0.9508196721311475,0.14091125813955424,0.4916310222404752
0,0,1,0.45714285714285713,0.69178152643489,0.8214936247723132,0.21618885083806125,0.653681179518413
0,0,2,0.0,0.9482411026537749,0.7832422586520947,0.9509235702032498,0.8612884689709479
0,0,2,0.02406015037593985,0.37881094425015427,0.9690346083788707,0.3682384950429073,0.4129197207596149
1,0,0,0.1443609022556391,0.21169512445998764,0.5318761384335154,0.14486661767388306,0.16163650894127635
1,0,2,0.324812030075188,0.4753342933552767,0.18214936247723132,0.19101523661511177,0.223422698274122
0,0,2,0.6736842105263158,1.0,0.912568306010929,0.23063686752653567,0.9994483108621456
0,0,2,0.5774436090225564,0.32816292943838715,0.5519125683060109,0.08687979070681594,0.2506039238269277
0,0,0,0.2887218045112782,0.8306932729890969,0.9817850637522769,0.35025281390941176,0.8765808447523163
1,0,1,0.6616541353383458,0.8386340259205924,0.48477468915815325,0.19629771035310548,0.5832204895865887
1,0,1,0.3849624060150376,0.37961324830281834,0.48477468915815325,0.13757420350702573,0.26803308409961224
0,0,1,0.44511278195488724,0.6105430981279573,0.9016393442622951,0.19521322548275258,0.6161210821799992
0,0,2,0.6255639097744361,0.8284817938695742,0.4116575591985428,0.20294912407199014,0.532397583456362
0,0,2,0.06015037593984962,0.4155009257354454,0.42805100182149364,0.34526031492387693,0.2742538373845678
0,0,2,0.5172932330827068,0.45161489405472127,0.8269581056466302,0.12990702980647456,0.43682906120029247
1,0,2,0.5293233082706766,0.37383254474387984,0.02185792349726776,0.1061314365482515,0.12657072716625503
1,0,2,0.37293233082706767,0.28473565110059657,0.5143198972973337,0.10767511195786346,0.2099077713537563
0,0,2,0.5293233082706766,0.3599259411643695,0.7213114754098361,0.1023032787083183,0.32257933322737525
1,0,2,0.5533834586466165,0.24170952478913804,0.18032786885245902,0.0670604952585248,0.10970002043477924
1,0,2,0.24060150375939848,0.5005040115202634,0.0546448087431694,0.24057551130691698,0.18700849552867568
1,0,2,0.18045112781954886,0.3350956593293561,0.5143198972973337,0.19400351524979464,0.2454782910436902
0,0,2,0.637593984962406,0.5415860933964205,0.5974499089253188,0.13089147268805765,0.4253040952145939
1,0,2,0.24060150375939848,0.1734211067681547,0.3005464480874317,0.09367114640061473,0.0963169990665872
0,0,2,0.12030075187969924,0.5615614071178769,0.8342440801457195,0.3696617170800802,0.540449784711242
0,0,2,0.4330827067669173,0.5027772063361449,0.18032786885245902,0.1650765099284192,0.23603909105902304
0,0,1,0.42105263157894735,0.08334704793252418,0.3132969034608379,0.03344003166116034,0.04683776157577848
1,0,2,0.40902255639097745,0.5704484673935404,0.29326047358834245,0.1942769706530739,0.3171150508012604
0,0,2,0.21654135338345865,0.7460501954330385,0.4772313296903461,0.37127651330238415,0.5155375681814269
0,0,2,0.22857142857142856,0.24465130631557291,0.4972677595628415,0.12950964690401806,0.17799724442366313
1,0,1,0.6736842105263158,0.8375745731331001,0.0036429872495446266,0.1931755758672935,0.2910221706126916
1,0,2,0.20451127819548873,0.5796955358979634,0.04918032786885246,0.3012404743855053,0.21633240374632634
0,0,1,0.5533834586466165,0.34845710759103066,0.5919854280510018,0.0955272871397106,0.276671329156388
0,0,2,0.48120300751879697,0.48202016046081053,0.5143198972973337,0.1464350805685029,0.34925470102143047
0,0,0,0.5774436090225564,0.6083521909072207,0.9817850637522769,0.15933473078107577,0.6503283661932402
0,0,2,0.15639097744360902,0.5091339230610985,0.8870673952641166,0.3034118132786542,0.5126988305268156
0,0,2,0.16842105263157894,0.6043303846945073,0.7959927140255009,0.3441824375368368,0.5625374232167536
1,0,2,0.3609022556390977,0.30409380785846535,0.11657559198542805,0.11714848029235407,0.12391485458745827
0,0,2,0.0,0.5283377905780704,0.6466302367941712,0.5527822558962673,0.43488005982225486
1,0,1,0.6255639097744361,0.5027772063361449,0.9690346083788707,0.12353709621810152,0.5380143033474364
0,0,1,0.637593984962406,0.47061304258383047,0.45719489981785066,0.11383082259301416,0.32054934125906687
0,0,2,0.637593984962406,0.3075396009051635,0.4262295081967213,0.07463088830217077,0.20373911548594478
0,0,1,0.02406015037593985,0.34218267846122197,0.4116575591985428,0.33698152965029904,0.22215536769752933
0,0,1,0.18045112781954886,0.7477782349310841,0.9544626593806922,0.40743704320275925,0.777288851218589
0,0,2,0.2646616541353383,0.7180004114379758,0.5683060109289617,0.3205147879832019,0.5443399528877289
1,0,2,0.6736842105263158,0.5027772063361449,0.08743169398907104,0.11595895993311113,0.20047157182874803
1,1,1,0.12030075187969924,0.26878214359185354,0.21311475409836064,0.1912009590796787,0.1302461056026476
1,1,2,0.13233082706766916,0.42839950627442913,0.0965391621129326,0.2779716696738463,0.1721144731881474
1,1,0,0.10827067669172932,0.7430466982102448,0.07832422586520947,0.4986896011938212,0.29693953625776065
1,0,2,0.37293233082706767,0.52264966056367,0.0947176684881603,0.19054264051622866,0.21174528234801848
0,0,2,0.18045112781954886,0.9706233285332236,0.9544626593806922,0.5226893395837312,1.0
0,1,2,0.08421052631578947,0.5744085579098951,0.18397085610200364,0.42479069291752014,0.27227237489810685
0,0,2,0.44511278195488724,0.5329973256531578,0.7231329690346083,0.17114988657438934,0.4694120297724005
1,1,2,0.13233082706766916,0.429901254885826,0.2495446265938069,0.27885548126247806,0.22391459260310892
1,0,1,0.27669172932330827,0.5209627648631969,0.48477468915815325,0.23026991025741678,0.36509097246518457
1,0,2,0.324812030075188,0.4621271343344991,0.20036429872495445,0.18600616381232737,0.22349630340083132
0,0,1,0.6255639097744361,0.5027772063361449,0.029143897996357013,0.12353709621810152,0.17815469701759515
1,1,2,0.08421052631578947,0.6903106356716725,0.3296903460837887,0.5039153176957083,0.4026306472285924
0,0,2,0.324812030075188,0.3318041555235548,0.9744990892531876,0.13657863078173715,0.3669551904464039
1,0,2,0.42105263157894735,0.21963587739148324,0.5143198972973337,0.07732793589116352,0.1639261906516337
0,0,0,0.3007518796992481,0.11574778852088048,0.4907318118504232,0.05795101213678475,0.0875950410604328
0,0,2,0.08421052631578947,0.5979942398683399,0.7431693989071039,0.44089228722142376,0.5332999324080379
0,0,1,0.5894736842105263,0.26650894877597203,0.6867030965391621,0.0696291249220459,0.23591515998635684
1,0,2,0.324812030075188,0.05060687101419461,0.5143198972973337,0.029929072929308055,0.04453682176587299
0,0,1,0.324812030075188,0.5734313927175478,0.41712204007285975,0.22822047596102646,0.3720334326960959
0,0,2,0.4330827067669173,1.0,0.21493624772313297,0.3222277166305195,0.5013700783433007
1,0,1,0.48120300751879697,0.49224439415758076,0.28233151183970856,0.14944367207227002,0.26928106254863865
0,0,1,0.42105263157894735,0.6659843653569224,0.8451730418943534,0.22106165031808866,0.6418231316211866
1,0,2,0.31278195488721805,0.5103270931907015,0.18761384335154827,0.20930842439763941,0.24251896205293932
0,0,2,0.637593984962406,0.47315367208393333,0.912568306010929,0.11444154441525703,0.4876154758396786
0,1,2,0.1924812030075188,0.6825653157786463,0.31693989071038253,0.36222843380482217,0.39170390379136266
0,0,2,0.0962406015037594,0.4337790578070356,0.5143198972973337,0.3154987381289758,0.31518081675962695
1,0,0,0.3849624060150376,0.5484982513886032,0.24225865209471767,0.19522184347121954,0.283762072800211
0,0,1,0.6255639097744361,0.5596687924295413,0.48477468915815325,0.13740818183502426,0.3916685327853453
0,0,1,0.22857142857142856,0.35605842419255296,0.48477468915815325,0.18089882427863044,0.25185912366029045
1,1,2,0.1443609022556391,0.6975725159432216,0.058287795992714025,0.4212843419555711,0.2677514482120566
1,0,2,0.324812030075188,0.457498457107591,0.09836065573770492,0.18425064764312726,0.18521539978936458
0,0,2,0.5654135338345865,0.33802715490639784,0.9435336976320583,0.09106274788200563,0.3647985602338198
1,0,2,0.3368421052631579,0.6038675169718165,0.020036429872495445,0.2341895701664845,0.21279898340092113
0,0,1,0.1443609022556391,0.3086607693890146,0.9599271402550091,0.20003078743071506,0.33982122188003466
0,0,2,0.5413533834586466,0.4992902694918741,0.6775956284153005,0.13816974146842487,0.42358792307041665
0,0,2,0.40902255639097745,0.49161695124459986,0.8797814207650273,0.16840336311317047,0.49324301194174575
0,0,1,0.06015037593984962,0.7168792429541246,0.4134790528233151,0.5688978095219801,0.46215604885683753
0,0,1,0.20451127819548873,0.5911437975725159,0.5573770491803278,0.3068230158035617,0.4453503641457701
0,0,2,0.6015037593984962,0.48834601933758487,0.8306010928961749,0.12403845098289368,0.4717794201562774
1,1,0,0.0481203007518797,0.661725982308167,0.2896174863387978,0.5527272851879389,0.36637065346132475
0,0,2,0.5533834586466165,0.7794898169101008,0.6010928961748634,0.21047245131210335,0.6085761200517082
0,0,0,0.2887218045112782,0.6082493314132894,0.4080145719489982,0.25986045039721656,0.3902461480191613
0,0,1,0.012030075187969926,0.49562847150792017,0.9162112932604736,0.49342989680383953,0.5108272767126104
0,0,2,0.10827067669172932,0.22362682575601728,0.8287795992714025,0.17035606225949515,0.2286931372326419
1,0,2,0.6616541353383458,0.2743777000617157,0.08014571948998178,0.06437668227939125,0.10238802477024596
1,0,2,0.34887218045112783,0.43070355893849005,0.5143198972973337,0.16597128365437558,0.3130085158226804
1,0,2,0.5894736842105263,0.36810327093190703,0.10564663023679417,0.09550857746412002,0.14896951575062387
0,0,1,0.5293233082706766,0.4550298292532401,0.3533697632058288,0.12848312145093826,0.2736842709337347
0,0,1,0.0481203007518797,0.5051429746965644,0.8888888888888888,0.43125354589824094,0.509589650171051
0,0,1,0.649624060150376,0.6024583419049578,0.28415300546448086,0.14327153617681262,0.33092121431991484
0,0,2,0.6616541353383458,0.4789960913392306,0.4098360655737705,0.1122157002984298,0.3087690902381388
0,0,2,0.3849624060150376,0.5935815675786875,0.7486338797814208,0.21061069821042783,0.5319333471893946
0,0,2,0.637593984962406,0.5067578687512857,0.37158469945355194,0.12251939135156241,0.3116996471694587
1,1,2,0.0,0.08710141946101625,0.14207650273224043,0.13441349417305698,0.03082203453053528
1,0,2,0.20451127819548873,0.3002571487348282,0.22404371584699453,0.1649773093321914,0.14887566297634683
0,0,2,0.37293233082706767,0.46385517383254476,0.8561020036429873,0.17006400699960025,0.4584259032159951
0,0,2,0.5533834586466165,0.2446410203661798,0.5143198972973337,0.06784224855262172,0.18158794174767734
0,0,0,0.5774436090225564,0.616910100802304,0.9380692167577414,0.16154774510346137,0.6389769086994525
1,1,2,0.12030075187969924,0.8084036206541864,0.18761384335154827,0.5201219921817397,0.38821391047071596
0,0,2,0.24060150375939848,0.7442192964410616,0.7140255009107468,0.35003656423593754,0.643020574753741
0,0,2,0.3007518796992481,0.44958856202427483,0.7887067395264117,0.19045573954971345,0.4216852554958703
0,0,2,0.2887218045112782,0.80016457519029,0.6010928961748634,0.3378471663137308,0.6243737763147685
1,0,2,0.25263157894736843,0.5240794075293149,0.2586520947176685,0.2442968028356229,0.27744718956913056
0,0,2,0.31278195488721805,0.4241514091750669,0.9817850637522769,0.1758818006122788,0.4628871473721847
1,0,2,0.5774436090225564,0.5027772063361449,0.5045537340619308,0.13203379447703015,0.3601767071960613
0,0,1,0.1443609022556391,0.4312692861551121,0.4225865209471767,0.26978329655360017,0.2826536170183037
0,0,2,0.3849624060150376,0.413639168895289,0.9617486338797814,0.14918869848245378,0.44570778565089264
1,0,2,0.3969924812030075,0.5285537955153261,0.1621129326047359,0.1843929247705657,0.24122655583148472
0,0,2,0.48120300751879697,0.5265274634848797,0.8943533697632058,0.15953183654113903,0.5322061976514725
0,0,1,0.40902255639097745,0.4941164369471302,0.36065573770491804,0.16922372932300822,0.2998507687244581
0,0,2,0.0,0.5833779057807036,0.6575591985428051,0.6049698504595444,0.48337626965724717
0,0,2,0.24060150375939848,0.7384283069327299,0.8014571948998178,0.3474356284378858,0.6853545010034001
1,0,1,0.5654135338345865,0.688839744908455,0.04553734061930783,0.18317603167698956,0.25777352475989135
1,0,1,0.649624060150376,0.18802715490639785,0.04371584699453552,0.04503333899175382,0.060047361780176174
0,0,1,0.06015037593984962,0.0,0.7158469945355191,0.03693824685935888,0.018484143584390027
0,0,1,0.324812030075188,0.6857025303435507,0.9216757741347905,0.27080149593173625,0.698703676488751
0,0,2,0.1924812030075188,0.21230199547418227,0.546448087431694,0.12616830515876148,0.1648330174134759
1,0,0,0.0481203007518797,0.44725365151203456,0.6156648451730419,0.3863442504425213,0.35975376465272235
1,0,1,0.3609022556390977,0.2527772063361448,0.48451730418943534,0.09890208410873023,0.18088519770960806
1,0,2,0.0481203007518797,0.12279366385517383,0.5143198972973337,0.1346351502550267,0.09552413940965493
0,0,2,0.44511278195488724,0.6048858259617362,0.8287795992714025,0.19345770931355244,0.577816350468191
0,0,2,0.02406015037593985,0.6496708496194199,0.5143198972973337,0.5993785314606421,0.46767053035685396
1,0,1,0.6255639097744361,0.37489199753137215,0.122040072859745,0.09235662117286554,0.15679787009219104
0,0,2,0.2646616541353383,0.0,0.7486338797814208,0.014159661296087572,0.02006098995651808
0,0,2,0.4330827067669173,0.3811252828636083,0.8925318761384335,0.12662745486706753,0.3921612037107962
1,0,0,0.6255639097744361,0.5740999794281012,0.08743169398907104,0.14092673781414963,0.23057522032260006
1,0,0,0.4330827067669173,0.18925118288418022,0.18397085610200364,0.06598412408880978,0.08494801357228635
0,0,2,0.10827067669172932,0.5312178564081464,0.39162112932604737,0.3647892308660159,0.3347024843352073
0,0,2,0.10827067669172932,0.4903414935198519,0.7959927140255009,0.3389506336200852,0.4606450478845014
1,0,1,0.21654135338345865,0.6126620037029418,0.2877959927140255,0.3080389197407529,0.33822586194722243
0,0,2,0.1924812030075188,0.5180929849825139,0.8888888888888888,0.2796675410239103,0.5219664395553453
1,0,2,0.24060150375939848,0.2933141328944662,0.43897996357012753,0.1475192950011323,0.1976291913441369
1,1,2,0.15639097744360902,0.7396523349105122,0.007285974499089253,0.43032430640105435,0.2571241653615272
0,0,2,0.0962406015037594,0.4608825344579305,0.6557377049180327,0.33329021930529246,0.38452485894637883
0,0,2,0.5413533834586466,0.4878728656655009,0.8342440801457195,0.13507668917031038,0.47270422490932223
0,0,0,0.0,0.30150174861139684,0.44990892531876137,0.33770226656643176,0.2057212641218921
0,0,2,0.6015037593984962,0.4023040526640609,0.7668488160291439,0.10244302046030682,0.37274147658870427
1,0,1,0.5293233082706766,0.3114688335733388,0.025500910746812388,0.08896418730008958,0.10390221945655463
1,1,1,0.1443609022556391,0.4579201810327093,0.2204007285974499,0.2849451045349253,0.22847726212881497
0,0,2,0.03609022556390978,0.8456284715079202,0.5143198972973337,0.7293021932429422,0.6060802465768156
0,0,2,0.0,0.21126311458547625,0.8233151183970856,0.25214035905313886,0.2163400387187918
0,0,2,0.5774436090225564,0.16155112116848386,0.7085610200364298,0.043795168117871,0.15313594018572946
0,0,1,0.4691729323308271,0.7961427689775766,0.5336976320582878,0.24335199872188876,0.5823317630074606
0,0,2,0.37293233082706767,0.45043200987451143,0.8105646630236795,0.16538860169183256,0.4300420821717654
0,0,2,0.3969924812030075,0.35585270520469037,0.3806921675774135,0.12659857872964386,0.2220499252346569
0,0,2,0.324812030075188,0.7074264554618391,0.5482695810564663,0.2790407184858488,0.5260894494411374
0,0,1,0.3609022556390977,0.36890557498457105,0.40437158469945356,0.14019328733845823,0.23706352471747483
1,1,2,0.08421052631578947,0.869142151820613,0.0036429872495446266,0.626000934166562,0.3025848872955805
0,0,2,0.45714285714285713,0.6329561818555852,0.941712204007286,0.19826064196010496,0.6565487728777832
1,0,1,0.3007518796992481,0.39311869985599673,0.16757741347905283,0.1680422889243444,0.1790209919326286
0,0,1,0.3969924812030075,0.9372968524994857,0.9453551912568307,0.3211786140483592,0.9605714801841276
1,0,2,0.637593984962406,0.3688850030857848,0.5143198972973337,0.08937722412345184,0.2693445404680025
0,0,0,0.637593984962406,0.6461530549269697,0.4907318118504232,0.15602749716142175,0.4539026443555413
1,0,1,0.02406015037593985,0.5550606871014194,0.4262295081967213,0.5186423428391282,0.36405078204823355
1,0,1,0.5894736842105263,0.7612836864842625,0.29143897996357016,0.1956647051770676,0.4228057625578455
0,0,0,0.13233082706766916,0.8147294795309608,0.6010928961748634,0.5053352276013896,0.6355028714732229
0,0,2,0.0,0.5000822875951451,0.604735883424408,0.5259911285807521,0.3964681016589099
1,0,2,0.637593984962406,0.3385003085784818,0.08925318761384335,0.08207328783638539,0.13163235212293406
0,0,2,0.5172932330827068,0.5881197284509361,0.9508196721311475,0.16809957912033505,0.6161244879765402
0,0,0,0.0481203007518797,0.3540732359596791,0.8943533697632058,0.31405688236623064,0.36675801603493924
0,0,0,0.34887218045112783,0.5027772063361449,0.4907318118504232,0.19214341513859962,0.354884654161799
1,0,2,0.34887218045112783,0.5215799218267846,0.45719489981785066,0.19897125249455247,0.3546098641349165
1,0,1,0.6736842105263158,0.41833984776794897,0.1621129326047359,0.09648459205072756,0.18922721603204495
0,0,2,0.1924812030075188,0.5314852910923679,0.8105646630236795,0.28639013529537666,0.5032804307920934
0,0,2,0.5654135338345865,0.21636494548446822,0.6029143897996357,0.05911775519077622,0.17864042847665082
1,0,2,0.5533834586466165,0.2936124254268669,0.25136612021857924,0.08090164305506205,0.152122360164606
0,0,2,0.2646616541353383,0.7404443530137832,0.6484517304189436,0.33009112868618856,0.6043685016965358
1,0,2,0.16842105263157894,0.3583624768566139,0.4972677595628415,0.21299600580532851,0.2570231392062573
1,0,1,0.4330827067669173,0.27812178564081463,0.03278688524590164,0.09407238279601182,0.09290207049973889
0,0,1,0.24060150375939848,0.6038983748199959,0.5646630236794171,0.28701353376165295,0.4580051064492313
1,1,2,0.15639097744360902,0.7374202838922033,0.2786885245901639,0.42909544508261427,0.40261802207804487
0,0,1,0.012030075187969926,0.6414009463073441,0.7085610200364298,0.6243729239085986,0.5541284242290113
0,0,1,0.12030075187969924,0.6983953918946719,0.47176684881602915,0.45306754421889917,0.48025069656648306
1,0,2,0.6015037593984962,0.33781114996914213,0.22586520947176686,0.08625612872371152,0.1686397248615413
0,0,2,0.45714285714285713,0.2009977370911335,0.6429872495446266,0.0666126035216061,0.17417012714724245
0,0,1,0.44511278195488724,0.8023451964616334,0.49544626593806923,0.2547316073137976,0.5645172389444476
0,0,2,0.3969924812030075,0.427113762600288,0.4444444444444444,0.15044606112222914,0.28723989008633755
0,0,2,0.44511278195488724,0.44189467187821435,0.8178506375227687,0.14287969255510655,0.42482213133999003
0,0,0,0.5894736842105263,0.7667249537132277,0.44808743169398907,0.19705077689871967,0.5133495247978167
0,0,2,0.3969924812030075,0.6079201810327093,0.9453551912568307,0.2109528517539935,0.6333902296804316
0,0,2,0.20451127819548873,0.5872762806006995,0.2550091074681239,0.30493708986179247,0.30972633114871656
0,0,2,0.34887218045112783,0.9388808887060276,0.6575591985428051,0.3505059141635932,0.7683838285294969
1,1,2,0.16842105263157894,0.36110882534457933,0.012750455373406194,0.21446076460900487,0.11912801378686401
0,0,2,0.31278195488721805,0.6843653569224439,0.8688524590163934,0.2768160007223352,0.670784827762756
0,0,2,0.6015037593984962,0.5052252622917095,0.639344262295082,0.12827492456180165,0.41371740072602103
0,0,2,0.3969924812030075,0.5487451141740383,0.8998178506375227,0.19114994092770268,0.5557807096182938
0,0,1,0.6135338345864662,0.8079304669821025,0.7759562841530054,0.20104847796358474,0.73278881341799
1,0,2,0.6736842105263158,0.5979633820201604,0.5143198972973337,0.137912401324703,0.43114826677815754
0,0,2,0.44511278195488724,0.604227525200576,0.33879781420765026,0.19325343106840914,0.35651311805538743
1,0,1,0.3849624060150376,0.7141328944661592,0.16757741347905283,0.25175999721647885,0.33164469033824173
1,0,2,0.27669172932330827,0.4184118494137009,0.15482695810564662,0.18758089511857468,0.18688087172422876
1,1,1,0.16842105263157894,0.32084961941987244,0.07832422586520947,0.19298860746447583,0.12130051276574882
1,0,2,0.34887218045112783,0.27855379551532605,0.24772313296903462,0.11072108115478349,0.14327180526927874
0,0,0,0.649624060150376,0.08897346225056572,0.7650273224043715,0.021553310228702105,0.09854648587916832
1,0,0,0.4932330827067669,0.5027772063361449,0.13296903460837886,0.1496752442519243,0.2179066302749613
0,0,2,0.6015037593984962,0.2665398066241514,0.9963570127504554,0.06836793528784728,0.3057898915459647
0,0,2,0.1924812030075188,0.44797366796955357,0.930783242258652,0.24446944183144773,0.4694623557183573
1,1,2,0.0481203007518797,0.43654597819378727,0.28233151183970856,0.3780374671146244,0.23854374876649043
0,0,0,0.3368421052631579,0.5567372968524995,0.46265938069216755,0.21670310258545195,0.38039364021764166
0,1,2,0.03609022556390978,0.6613042583830487,0.30965391621129323,0.5794981468045312,0.375922290950836
1,1,2,0.10827067669172932,0.6705101830898992,0.30783242258652094,0.452838119619009,0.38026924755350283
0,0,2,0.6616541353383458,0.5027772063361449,0.5846994535519126,0.11777563643978692,0.39086241006139666
0,0,2,0.1924812030075188,0.4591133511623123,0.8287795992714025,0.2500612771586352,0.44433083333728385
1,1,2,0.10827067669172932,0.5516251800041144,0.28051001821493626,0.377689023753768,0.30129385337309844
0,0,0,0.1924812030075188,0.4423369677021189,0.6338797814207651,0.24163996282932515,0.3621901691994732
0,0,2,0.22857142857142856,0.8241514091750669,0.819672131147541,0.3968178238136559,0.7731644191320435
1,0,2,0.27669172932330827,0.594497017074676,0.3132969034608379,0.26088011780281123,0.3394564149113508
1,1,0,0.0481203007518797,0.6446718782143592,0.01639344262295082,0.5394970769673306,0.22645139953286947
1,0,0,0.3969924812030075,0.6298601110882535,0.4907318118504232,0.2182950399675305,0.4426504385684054
0,0,2,0.06015037593984962,0.7349002262908867,0.7959927140255009,0.5822702631238872,0.6792511763721056
